corpusCid=22196d8904677ce92cdfbc0e0c0049ad7075ebc6ce56fc0336e3e6a51382cdd9
corpusFiles=1421
range=[0,1420]
alreadyDurable=0
pending=1421
timeoutBound=300.0s workers=8 load=6.81
[1/1421] idx=3 completed     0.1s load=6.81 _config/dates.py
[2/1421] idx=7 completed     0.1s load=6.81 _libs/tslibs/__init__.py
[3/1421] idx=6 completed     0.1s load=6.81 _libs/__init__.py
[4/1421] idx=0 completed     0.1s load=6.81 __init__.py
[5/1421] idx=8 completed     0.1s load=6.81 _libs/window/__init__.py
[6/1421] idx=10 completed     0.1s load=6.81 _testing/_hypothesis.py
[7/1421] idx=4 completed     0.3s load=6.81 _config/display.py
[8/1421] idx=1 completed     0.3s load=6.81 _config/__init__.py
[9/1421] idx=5 completed     0.3s load=6.81 _config/localization.py
[10/1421] idx=11 completed     0.3s load=6.81 _testing/_io.py
[11/1421] idx=9 completed     0.4s load=6.81 _testing/__init__.py
[12/1421] idx=14 completed     0.3s load=6.81 _testing/compat.py
[13/1421] idx=12 completed     0.4s load=6.81 _testing/_warnings.py
[14/1421] idx=18 completed     0.1s load=6.81 _version_meson.py
[15/1421] idx=15 completed     0.3s load=6.81 _testing/contexts.py
[16/1421] idx=20 completed     0.1s load=6.81 api/executors/__init__.py
[17/1421] idx=2 completed     0.7s load=6.81 _config/config.py
[18/1421] idx=19 completed     0.1s load=6.81 api/__init__.py
[19/1421] idx=16 completed     0.4s load=6.81 _typing.py
[20/1421] idx=21 completed     0.1s load=6.81 api/extensions/__init__.py
[21/1421] idx=22 completed     0.1s load=6.81 api/indexers/__init__.py
[22/1421] idx=25 completed     0.1s load=6.81 api/types/__init__.py
[23/1421] idx=23 completed     0.1s load=6.81 api/interchange/__init__.py
[24/1421] idx=26 completed     0.1s load=6.81 api/typing/__init__.py
[25/1421] idx=27 completed     0.1s load=7.54 api/typing/aliases.py
[26/1421] idx=28 completed     0.1s load=7.54 arrays/__init__.py
[27/1421] idx=30 completed     0.1s load=7.54 compat/_constants.py
[28/1421] idx=32 completed     0.1s load=7.54 compat/numpy/__init__.py
[29/1421] idx=24 completed     0.3s load=7.54 api/internals.py
[30/1421] idx=29 completed     0.3s load=7.54 compat/__init__.py
[31/1421] idx=31 completed     0.4s load=7.54 compat/_optional.py
[32/1421] idx=17 completed     0.7s load=7.54 _version.py
[33/1421] idx=37 completed     0.1s load=7.54 core/__init__.py
[34/1421] idx=33 completed     0.4s load=7.54 compat/numpy/function.py
[35/1421] idx=34 completed     0.3s load=7.54 compat/pickle_compat.py
[36/1421] idx=38 completed     0.1s load=7.54 core/_numba/__init__.py
[37/1421] idx=35 completed     0.3s load=7.54 compat/pyarrow.py
[38/1421] idx=41 completed     0.1s load=7.54 core/_numba/kernels/__init__.py
[39/1421] idx=13 completed     1.2s load=7.54 _testing/asserters.py
[40/1421] idx=44 completed     0.3s load=7.54 core/_numba/kernels/shared.py
[41/1421] idx=42 completed     0.4s load=7.54 core/_numba/kernels/mean_.py
[42/1421] idx=36 completed     0.8s load=7.54 conftest.py
[43/1421] idx=43 completed     0.5s load=7.54 core/_numba/kernels/min_max_.py
[44/1421] idx=45 completed     0.5s load=7.54 core/_numba/kernels/sum_.py
[45/1421] idx=46 completed     0.5s load=7.54 core/_numba/kernels/var_.py
[46/1421] idx=39 completed     0.7s load=7.54 core/_numba/executor.py
[47/1421] idx=49 completed     0.1s load=7.54 core/api.py
[48/1421] idx=40 completed     0.7s load=7.54 core/_numba/extensions.py
[49/1421] idx=51 completed     0.1s load=7.54 core/array_algos/__init__.py
[50/1421] idx=47 completed     0.5s load=7.54 core/accessor.py
[51/1421] idx=52 completed     0.3s load=7.54 core/array_algos/datetimelike_accumulations.py
[52/1421] idx=53 completed     0.3s load=7.54 core/array_algos/masked_accumulations.py
[53/1421] idx=54 completed     0.4s load=7.54 core/array_algos/masked_reductions.py
[54/1421] idx=55 completed     0.4s load=7.54 core/array_algos/putmask.py
[55/1421] idx=56 completed     0.4s load=7.54 core/array_algos/quantile.py
[56/1421] idx=57 completed     0.4s load=7.54 core/array_algos/replace.py
[57/1421] idx=61 completed     0.1s load=7.54 core/arrays/__init__.py
[58/1421] idx=48 completed     0.9s load=7.54 core/algorithms.py
[59/1421] idx=59 completed     0.3s load=7.54 core/array_algos/transforms.py
[60/1421] idx=66 completed     0.1s load=7.54 core/arrays/arrow/__init__.py
[61/1421] idx=64 completed     0.3s load=7.54 core/arrays/_ranges.py
[62/1421] idx=58 completed     0.6s load=7.54 core/array_algos/take.py
[63/1421] idx=65 completed     0.3s load=7.54 core/arrays/_utils.py
[64/1421] idx=60 completed     0.7s load=7.54 core/arraylike.py
[65/1421] idx=62 completed     0.7s load=7.54 core/arrays/_arrow_string_mixins.py
[66/1421] idx=67 completed     0.3s load=7.54 core/arrays/arrow/_arrow_utils.py
[67/1421] idx=63 completed     0.6s load=7.54 core/arrays/_mixins.py
[68/1421] idx=68 completed     0.5s load=7.54 core/arrays/arrow/accessors.py
[69/1421] idx=70 completed     0.4s load=7.54 core/arrays/arrow/extension_types.py
[70/1421] idx=50 completed     1.5s load=7.54 core/apply.py
[71/1421] idx=76 completed     0.3s load=7.54 core/arrays/floating.py
[72/1421] idx=72 completed     0.5s load=7.54 core/arrays/boolean.py
[73/1421] idx=77 completed     0.3s load=7.54 core/arrays/integer.py
[74/1421] idx=71 completed     1.0s load=7.54 core/arrays/base.py
[75/1421] idx=73 completed     1.4s load=7.54 core/arrays/categorical.py
[76/1421] idx=80 completed     0.9s load=7.54 core/arrays/numeric.py
[77/1421] idx=83 completed     0.1s load=7.54 core/arrays/sparse/__init__.py
[78/1421] idx=81 completed     0.7s load=7.54 core/arrays/numpy_.py
[79/1421] idx=74 completed     1.6s load=7.54 core/arrays/datetimelike.py
[80/1421] idx=78 completed     1.4s load=7.54 core/arrays/interval.py
[81/1421] idx=79 completed     1.4s load=7.54 core/arrays/masked.py
[82/1421] idx=86 completed     0.3s load=7.54 core/arrays/sparse/scipy_sparse.py
[83/1421] idx=84 completed     0.5s load=7.54 core/arrays/sparse/accessor.py
[84/1421] idx=82 completed     0.9s load=7.54 core/arrays/period.py
[85/1421] idx=75 completed     2.4s load=7.54 core/arrays/datetimes.py
[86/1421] idx=88 completed     0.6s load=7.54 core/arrays/string_arrow.py
[87/1421] idx=93 completed     0.1s load=7.54 core/computation/__init__.py
[88/1421] idx=90 completed     0.7s load=7.54 core/base.py
[89/1421] idx=87 completed     0.9s load=7.54 core/arrays/string_.py
[90/1421] idx=95 completed     0.1s load=8.06 core/computation/api.py
[91/1421] idx=96 completed     0.1s load=8.06 core/computation/check.py
[92/1421] idx=89 completed     0.9s load=8.06 core/arrays/timedeltas.py
[93/1421] idx=91 completed     0.7s load=8.06 core/col.py
[94/1421] idx=92 completed     0.5s load=8.06 core/common.py
[95/1421] idx=85 completed     1.4s load=8.06 core/arrays/sparse/array.py
[96/1421] idx=94 completed     0.5s load=8.06 core/computation/align.py
[97/1421] idx=97 completed     0.4s load=8.06 core/computation/common.py
[98/1421] idx=98 completed     0.3s load=8.06 core/computation/engines.py
[99/1421] idx=99 completed     0.5s load=8.06 core/computation/eval.py
[100/1421] idx=101 completed     0.4s load=8.06 core/computation/expressions.py
[101/1421] idx=103 completed     0.4s load=8.06 core/computation/parsing.py
[102/1421] idx=102 completed     0.5s load=8.06 core/computation/ops.py
[103/1421] idx=108 completed     0.1s load=8.06 core/dtypes/__init__.py
[104/1421] idx=105 completed     0.5s load=8.06 core/computation/scope.py
[105/1421] idx=109 completed     0.1s load=8.06 core/dtypes/api.py
[106/1421] idx=106 completed     0.3s load=8.06 core/config_init.py
[107/1421] idx=100 completed     0.8s load=8.06 core/computation/expr.py
[108/1421] idx=69 completed     4.2s load=8.06 core/arrays/arrow/array.py
[109/1421] idx=110 completed     0.4s load=8.06 core/dtypes/astype.py
[110/1421] idx=104 completed     0.8s load=8.06 core/computation/pytables.py
[111/1421] idx=111 completed     0.5s load=8.06 core/dtypes/base.py
[112/1421] idx=107 completed     0.7s load=8.06 core/construction.py
[113/1421] idx=114 completed     0.4s load=8.06 core/dtypes/concat.py
[114/1421] idx=113 completed     0.6s load=8.06 core/dtypes/common.py
[115/1421] idx=117 completed     0.4s load=8.06 core/dtypes/inference.py
[116/1421] idx=116 completed     0.4s load=8.06 core/dtypes/generic.py
[117/1421] idx=123 completed     0.1s load=8.06 core/groupby/base.py
[118/1421] idx=122 completed     0.1s load=8.06 core/groupby/__init__.py
[119/1421] idx=119 completed     0.4s load=8.06 core/flags.py
[120/1421] idx=118 completed     0.6s load=8.06 core/dtypes/missing.py
[121/1421] idx=124 completed     0.3s load=8.06 core/groupby/categorical.py
[122/1421] idx=112 completed     1.2s load=8.06 core/dtypes/cast.py
[123/1421] idx=115 completed     1.2s load=8.06 core/dtypes/dtypes.py
[124/1421] idx=128 completed     0.5s load=8.06 core/groupby/indexing.py
[125/1421] idx=129 completed     0.4s load=8.06 core/groupby/numba_.py
[126/1421] idx=131 completed     0.1s load=8.06 core/indexers/__init__.py
[127/1421] idx=127 completed     0.8s load=8.06 core/groupby/grouper.py
[128/1421] idx=134 completed     0.1s load=8.06 core/indexes/__init__.py
[129/1421] idx=132 completed     0.5s load=8.06 core/indexers/objects.py
[130/1421] idx=133 completed     0.5s load=8.06 core/indexers/utils.py
[131/1421] idx=135 completed     0.4s load=8.06 core/indexes/accessors.py
[132/1421] idx=136 completed     0.5s load=8.06 core/indexes/api.py
[133/1421] idx=138 completed     0.4s load=8.06 core/indexes/category.py
[134/1421] idx=130 completed     1.7s load=8.06 core/groupby/ops.py
[135/1421] idx=126 completed     2.3s load=8.06 core/groupby/groupby.py
[136/1421] idx=139 completed     0.7s load=8.06 core/indexes/datetimelike.py
[137/1421] idx=140 completed     0.7s load=8.06 core/indexes/datetimes.py
[138/1421] idx=142 completed     0.4s load=8.06 core/indexes/frozen.py
[139/1421] idx=141 completed     0.4s load=8.06 core/indexes/extension.py
[140/1421] idx=145 completed     0.5s load=8.06 core/indexes/period.py
[141/1421] idx=143 completed     0.8s load=8.7 core/indexes/interval.py
[142/1421] idx=147 completed     0.4s load=8.7 core/indexes/timedeltas.py
[143/1421] idx=149 completed     0.1s load=8.7 core/interchange/__init__.py
[144/1421] idx=125 completed     3.8s load=8.7 core/groupby/generic.py
[145/1421] idx=146 completed     1.2s load=8.7 core/indexes/range.py
[146/1421] idx=150 completed     0.4s load=8.7 core/interchange/buffer.py
[147/1421] idx=152 completed     0.4s load=8.7 core/interchange/dataframe.py
[148/1421] idx=153 completed     0.3s load=8.7 core/interchange/dataframe_protocol.py
[149/1421] idx=151 completed     0.6s load=8.7 core/interchange/column.py
[150/1421] idx=156 completed     0.3s load=8.7 core/internals/__init__.py
[151/1421] idx=121 completed     5.0s load=8.7 core/generic.py
[152/1421] idx=155 completed     0.4s load=8.7 core/interchange/utils.py
[153/1421] idx=154 completed     0.6s load=8.7 core/interchange/from_dataframe.py
[154/1421] idx=157 completed     0.4s load=8.7 core/internals/api.py
[155/1421] idx=159 completed     0.6s load=8.7 core/internals/concat.py
[156/1421] idx=148 completed     1.9s load=8.7 core/indexing.py
[157/1421] idx=137 completed     4.0s load=8.7 core/indexes/base.py
[158/1421] idx=163 completed     0.1s load=8.7 core/methods/__init__.py
[159/1421] idx=144 completed     2.8s load=8.7 core/indexes/multi.py
[160/1421] idx=162 completed     0.4s load=8.7 core/internals/ops.py
[161/1421] idx=120 completed     6.2s load=8.7 core/frame.py
[162/1421] idx=164 completed     0.4s load=8.7 core/methods/describe.py
[163/1421] idx=169 completed     0.1s load=8.7 core/ops/__init__.py
[164/1421] idx=166 completed     0.5s load=8.7 core/methods/to_dict.py
[165/1421] idx=165 completed     0.7s load=8.7 core/methods/selectn.py
[166/1421] idx=171 completed     0.4s load=8.7 core/ops/common.py
[167/1421] idx=158 completed     1.6s load=8.7 core/internals/blocks.py
[168/1421] idx=172 completed     0.3s load=8.7 core/ops/dispatch.py
[169/1421] idx=167 completed     0.8s load=8.7 core/missing.py
[170/1421] idx=170 completed     0.6s load=8.7 core/ops/array_ops.py
[171/1421] idx=174 completed     0.4s load=8.7 core/ops/invalid.py
[172/1421] idx=173 completed     0.4s load=8.7 core/ops/docstrings.py
[173/1421] idx=160 completed     1.8s load=8.7 core/internals/construction.py
[174/1421] idx=175 completed     0.4s load=8.7 core/ops/mask_ops.py
[175/1421] idx=176 completed     0.3s load=8.7 core/ops/missing.py
[176/1421] idx=178 completed     0.1s load=8.7 core/reshape/__init__.py
[177/1421] idx=179 completed     0.1s load=8.7 core/reshape/api.py
[178/1421] idx=168 completed     1.2s load=8.7 core/nanops.py
[179/1421] idx=161 completed     2.2s load=8.7 core/internals/managers.py
[180/1421] idx=181 completed     0.6s load=8.7 core/reshape/encoding.py
[181/1421] idx=182 completed     0.7s load=8.7 core/reshape/melt.py
[182/1421] idx=180 completed     0.8s load=8.7 core/reshape/concat.py
[183/1421] idx=187 completed     0.3s load=8.7 core/roperator.py
[184/1421] idx=186 completed     0.5s load=8.7 core/reshape/tile.py
[185/1421] idx=188 completed     0.4s load=8.7 core/sample.py
[186/1421] idx=190 completed     0.1s load=8.7 core/shared_docs.py
[187/1421] idx=192 completed     0.1s load=8.7 core/sparse/__init__.py
[188/1421] idx=193 completed     0.1s load=8.7 core/sparse/api.py
[189/1421] idx=194 completed     0.1s load=8.7 core/strings/__init__.py
[190/1421] idx=185 completed     1.3s load=9.04 core/reshape/reshape.py
[191/1421] idx=197 completed     0.1s load=9.04 core/tools/__init__.py
[192/1421] idx=191 completed     0.9s load=9.04 core/sorting.py
[193/1421] idx=196 completed     0.8s load=9.04 core/strings/object_array.py
[194/1421] idx=183 completed     2.3s load=9.04 core/reshape/merge.py
[195/1421] idx=200 completed     0.4s load=9.04 core/tools/timedeltas.py
[196/1421] idx=198 completed     0.8s load=9.04 core/tools/datetimes.py
[197/1421] idx=202 completed     0.1s load=9.04 core/util/__init__.py
[198/1421] idx=195 completed     1.5s load=9.04 core/strings/accessor.py
[199/1421] idx=201 completed     0.5s load=9.04 core/tools/times.py
[200/1421] idx=205 completed     0.1s load=9.04 core/window/__init__.py
[201/1421] idx=204 completed     0.3s load=9.04 core/util/numba_.py
[202/1421] idx=203 completed     0.5s load=9.04 core/util/hashing.py
[203/1421] idx=207 completed     0.3s load=9.04 core/window/doc.py
[204/1421] idx=206 completed     0.6s load=9.04 core/window/common.py
[205/1421] idx=209 completed     0.4s load=9.04 core/window/expanding.py
[206/1421] idx=208 completed     0.6s load=9.04 core/window/ewm.py
[207/1421] idx=189 completed     2.8s load=9.04 core/series.py
[208/1421] idx=214 completed     0.1s load=9.04 errors/cow.py
[209/1421] idx=215 completed     0.1s load=9.04 io/__init__.py
[210/1421] idx=211 completed     0.5s load=9.04 core/window/online.py
[211/1421] idx=217 completed     0.1s load=9.04 io/api.py
[212/1421] idx=213 completed     0.4s load=9.04 errors/__init__.py
[213/1421] idx=210 completed     0.9s load=9.04 core/window/numba_.py
[214/1421] idx=219 completed     0.4s load=9.04 io/clipboards.py
[215/1421] idx=216 completed     0.5s load=9.04 io/_util.py
[216/1421] idx=221 completed     0.1s load=9.04 io/excel/__init__.py
[217/1421] idx=184 completed     4.5s load=9.04 core/reshape/pivot.py
[218/1421] idx=223 completed     0.3s load=9.04 io/excel/_calamine.py
[219/1421] idx=212 completed     1.6s load=9.04 core/window/rolling.py
[220/1421] idx=224 completed     0.5s load=9.04 io/excel/_odfreader.py
[221/1421] idx=220 completed     1.0s load=9.04 io/common.py
[222/1421] idx=218 completed     1.2s load=9.04 io/clipboard/__init__.py
[223/1421] idx=225 completed     0.5s load=9.04 io/excel/_odswriter.py
[224/1421] idx=222 completed     1.0s load=9.04 io/excel/_base.py
[225/1421] idx=227 completed     0.4s load=9.04 io/excel/_pyxlsb.py
[226/1421] idx=228 completed     0.5s load=9.04 io/excel/_util.py
[227/1421] idx=232 completed     0.1s load=9.04 io/formats/__init__.py
[228/1421] idx=229 completed     0.4s load=9.04 io/excel/_xlrd.py
[229/1421] idx=233 completed     0.1s load=9.04 io/formats/_color_data.py
[230/1421] idx=226 completed     0.7s load=9.04 io/excel/_openpyxl.py
[231/1421] idx=231 completed     0.3s load=9.04 io/feather_format.py
[232/1421] idx=230 completed     0.5s load=9.04 io/excel/_xlsxwriter.py
[233/1421] idx=234 completed     0.3s load=9.04 io/formats/console.py
[234/1421] idx=235 completed     0.6s load=9.04 io/formats/css.py
[235/1421] idx=236 completed     0.5s load=9.04 io/formats/csvs.py
[236/1421] idx=239 completed     0.8s load=9.68 io/formats/html.py
[237/1421] idx=240 completed     0.8s load=9.68 io/formats/info.py
[238/1421] idx=242 completed     0.5s load=9.68 io/formats/string.py
[239/1421] idx=237 completed     1.0s load=9.68 io/formats/excel.py
[240/1421] idx=241 completed     1.0s load=9.68 io/formats/printing.py
[241/1421] idx=245 completed     0.6s load=9.68 io/formats/xml.py
[242/1421] idx=248 completed     0.1s load=9.68 io/json/__init__.py
[243/1421] idx=247 completed     0.4s load=9.68 io/iceberg.py
[244/1421] idx=246 completed     0.9s load=9.68 io/html.py
[245/1421] idx=238 completed     2.1s load=9.68 io/formats/format.py
[246/1421] idx=251 completed     0.5s load=9.68 io/json/_table_schema.py
[247/1421] idx=252 completed     0.3s load=9.68 io/orc.py
[248/1421] idx=254 completed     0.1s load=9.68 io/parsers/__init__.py
[249/1421] idx=250 completed     0.9s load=9.68 io/json/_normalize.py
[250/1421] idx=249 completed     1.1s load=9.68 io/json/_json.py
[251/1421] idx=253 completed     0.6s load=9.68 io/parquet.py
[252/1421] idx=244 completed     2.0s load=9.68 io/formats/style_render.py
[253/1421] idx=243 completed     2.1s load=9.68 io/formats/style.py
[254/1421] idx=255 completed     0.6s load=9.68 io/parsers/arrow_parser_wrapper.py
[255/1421] idx=260 completed     0.3s load=9.68 io/pickle.py
[256/1421] idx=257 completed     0.6s load=9.68 io/parsers/c_parser_wrapper.py
[257/1421] idx=262 completed     0.1s load=9.68 io/sas/__init__.py
[258/1421] idx=264 completed     0.1s load=9.68 io/sas/sas_constants.py
[259/1421] idx=256 completed     0.9s load=9.68 io/parsers/base_parser.py
[260/1421] idx=266 completed     0.4s load=9.68 io/sas/sasreader.py
[261/1421] idx=259 completed     1.2s load=9.68 io/parsers/readers.py
[262/1421] idx=263 completed     0.8s load=9.68 io/sas/sas7bdat.py
[263/1421] idx=265 completed     0.7s load=9.68 io/sas/sas_xport.py
[264/1421] idx=267 completed     0.3s load=9.68 io/spss.py
[265/1421] idx=271 completed     0.1s load=9.68 plotting/__init__.py
[266/1421] idx=270 completed     0.7s load=9.68 io/xml.py
[267/1421] idx=272 completed     0.7s load=9.68 plotting/_core.py
[268/1421] idx=273 completed     0.3s load=9.68 plotting/_matplotlib/__init__.py
[269/1421] idx=258 completed     2.7s load=9.68 io/parsers/python_parser.py
[270/1421] idx=268 completed     1.7s load=11.23 io/sql.py
[271/1421] idx=274 completed     0.8s load=11.23 plotting/_matplotlib/boxplot.py
[272/1421] idx=277 completed     0.4s load=11.23 plotting/_matplotlib/groupby.py
[273/1421] idx=275 completed     1.0s load=11.23 plotting/_matplotlib/converter.py
[274/1421] idx=278 completed     0.7s load=11.23 plotting/_matplotlib/hist.py
[275/1421] idx=280 completed     0.4s load=11.23 plotting/_matplotlib/style.py
[276/1421] idx=279 completed     1.0s load=11.23 plotting/_matplotlib/misc.py
[277/1421] idx=269 completed     3.0s load=11.23 io/stata.py
[278/1421] idx=281 completed     0.6s load=11.23 plotting/_matplotlib/timeseries.py
[279/1421] idx=284 completed     0.1s load=11.23 testing.py
[280/1421] idx=285 completed     0.1s load=11.23 tests/__init__.py
[281/1421] idx=282 completed     0.7s load=11.23 plotting/_matplotlib/tools.py
[282/1421] idx=286 completed     0.1s load=11.23 tests/api/__init__.py
[283/1421] idx=289 completed     0.1s load=11.23 tests/apply/__init__.py
[284/1421] idx=276 completed     2.0s load=11.23 plotting/_matplotlib/core.py
[285/1421] idx=283 completed     0.4s load=11.23 plotting/_misc.py
[286/1421] idx=290 completed     0.1s load=11.23 tests/apply/common.py
[287/1421] idx=288 completed     0.3s load=11.23 tests/api/test_types.py
[288/1421] idx=287 completed     0.5s load=11.23 tests/api/test_api.py
[289/1421] idx=291 completed     0.3s load=11.23 tests/apply/conftest.py
[290/1421] idx=261 completed     4.8s load=11.23 io/pytables.py
[291/1421] idx=293 completed     0.3s load=11.23 tests/apply/test_frame_apply_relabeling.py
[292/1421] idx=295 completed     0.4s load=11.23 tests/apply/test_invalid_arg.py
[293/1421] idx=294 completed     0.5s load=11.23 tests/apply/test_frame_transform.py
[294/1421] idx=296 completed     0.3s load=11.23 tests/apply/test_numba.py
[295/1421] idx=298 completed     0.3s load=11.23 tests/apply/test_series_apply_relabeling.py
[296/1421] idx=301 completed     0.1s load=11.23 tests/arithmetic/__init__.py
[297/1421] idx=299 completed     0.3s load=11.23 tests/apply/test_series_transform.py
[298/1421] idx=300 completed     0.4s load=11.23 tests/apply/test_str.py
[299/1421] idx=302 completed     0.3s load=11.23 tests/arithmetic/common.py
[300/1421] idx=303 completed     0.3s load=11.23 tests/arithmetic/conftest.py
[301/1421] idx=297 completed     0.8s load=11.23 tests/apply/test_series_apply.py
[302/1421] idx=305 completed     0.3s load=11.23 tests/arithmetic/test_bool.py
[303/1421] idx=304 completed     0.3s load=11.23 tests/arithmetic/test_array_ops.py
[304/1421] idx=306 completed     0.3s load=11.23 tests/arithmetic/test_categorical.py
[305/1421] idx=308 completed     0.5s load=11.23 tests/arithmetic/test_interval.py
[306/1421] idx=292 completed     1.6s load=11.23 tests/apply/test_frame_apply.py
[307/1421] idx=310 completed     0.5s load=11.23 tests/arithmetic/test_object.py
[308/1421] idx=314 completed     0.1s load=11.23 tests/arrays/__init__.py
[309/1421] idx=315 completed     0.1s load=11.23 tests/arrays/boolean/__init__.py
[310/1421] idx=312 completed     0.7s load=11.23 tests/arithmetic/test_string.py
[311/1421] idx=316 completed     0.4s load=11.23 tests/arrays/boolean/test_arithmetic.py
[312/1421] idx=317 completed     0.3s load=11.23 tests/arrays/boolean/test_astype.py
[313/1421] idx=309 completed     1.4s load=11.23 tests/arithmetic/test_numeric.py
[314/1421] idx=318 completed     0.4s load=11.23 tests/arrays/boolean/test_comparison.py
[315/1421] idx=311 completed     1.5s load=11.23 tests/arithmetic/test_period.py
[316/1421] idx=319 completed     0.5s load=11.23 tests/arrays/boolean/test_construction.py
[317/1421] idx=321 completed     0.3s load=11.23 tests/arrays/boolean/test_indexing.py
[318/1421] idx=320 completed     0.4s load=11.23 tests/arrays/boolean/test_function.py
[319/1421] idx=307 completed     2.0s load=11.23 tests/arithmetic/test_datetime64.py
[320/1421] idx=326 completed     0.1s load=11.85 tests/arrays/categorical/__init__.py
[321/1421] idx=322 completed     0.5s load=11.85 tests/arrays/boolean/test_logical.py
[322/1421] idx=323 completed     0.3s load=11.85 tests/arrays/boolean/test_ops.py
[323/1421] idx=324 completed     0.3s load=11.85 tests/arrays/boolean/test_reduction.py
[324/1421] idx=325 completed     0.3s load=11.85 tests/arrays/boolean/test_repr.py
[325/1421] idx=313 completed     1.9s load=11.85 tests/arithmetic/test_timedelta64.py
[326/1421] idx=327 completed     0.4s load=11.85 tests/arrays/categorical/test_algos.py
[327/1421] idx=328 completed     0.5s load=11.85 tests/arrays/categorical/test_analytics.py
[328/1421] idx=330 completed     0.4s load=11.85 tests/arrays/categorical/test_astype.py
[329/1421] idx=329 completed     0.6s load=11.85 tests/arrays/categorical/test_api.py
[330/1421] idx=333 completed     0.5s load=11.85 tests/arrays/categorical/test_indexing.py
[331/1421] idx=334 completed     0.4s load=11.85 tests/arrays/categorical/test_map.py
[332/1421] idx=335 completed     0.4s load=11.85 tests/arrays/categorical/test_missing.py
[333/1421] idx=331 completed     0.8s load=11.85 tests/arrays/categorical/test_constructors.py
[334/1421] idx=332 completed     0.8s load=11.85 tests/arrays/categorical/test_dtypes.py
[335/1421] idx=337 completed     0.3s load=11.85 tests/arrays/categorical/test_replace.py
[336/1421] idx=340 completed     0.3s load=11.85 tests/arrays/categorical/test_subclass.py
[337/1421] idx=336 completed     0.7s load=11.85 tests/arrays/categorical/test_operators.py
[338/1421] idx=339 completed     0.4s load=11.85 tests/arrays/categorical/test_sorting.py
[339/1421] idx=341 completed     0.3s load=11.85 tests/arrays/categorical/test_take.py
[340/1421] idx=343 completed     0.1s load=11.85 tests/arrays/datetimes/__init__.py
[341/1421] idx=342 completed     0.3s load=11.85 tests/arrays/categorical/test_warnings.py
[342/1421] idx=347 completed     0.1s load=11.85 tests/arrays/floating/__init__.py
[343/1421] idx=338 completed     0.6s load=11.85 tests/arrays/categorical/test_repr.py
[344/1421] idx=345 completed     0.3s load=11.85 tests/arrays/datetimes/test_cumulative.py
[345/1421] idx=344 completed     0.4s load=11.85 tests/arrays/datetimes/test_constructors.py
[346/1421] idx=348 completed     0.3s load=11.85 tests/arrays/floating/conftest.py
[347/1421] idx=346 completed     0.4s load=11.85 tests/arrays/datetimes/test_reductions.py
[348/1421] idx=350 completed     0.4s load=11.85 tests/arrays/floating/test_astype.py
[349/1421] idx=349 completed     0.5s load=11.85 tests/arrays/floating/test_arithmetic.py
[350/1421] idx=351 completed     0.3s load=11.85 tests/arrays/floating/test_comparison.py
[351/1421] idx=352 completed     0.3s load=11.85 tests/arrays/floating/test_concat.py
[352/1421] idx=354 completed     0.3s load=11.85 tests/arrays/floating/test_contains.py
[353/1421] idx=358 completed     0.1s load=11.85 tests/arrays/integer/__init__.py
[354/1421] idx=353 completed     0.4s load=11.85 tests/arrays/floating/test_construction.py
[355/1421] idx=356 completed     0.3s load=11.85 tests/arrays/floating/test_repr.py
[356/1421] idx=359 completed     0.3s load=11.85 tests/arrays/integer/conftest.py
[357/1421] idx=357 completed     0.4s load=11.85 tests/arrays/floating/test_to_numpy.py
[358/1421] idx=355 completed     0.5s load=11.85 tests/arrays/floating/test_function.py
[359/1421] idx=361 completed     0.3s load=11.85 tests/arrays/integer/test_comparison.py
[360/1421] idx=362 completed     0.3s load=11.85 tests/arrays/integer/test_concat.py
[361/1421] idx=360 completed     0.5s load=11.85 tests/arrays/integer/test_arithmetic.py
[362/1421] idx=366 completed     0.3s load=11.85 tests/arrays/integer/test_indexing.py
[363/1421] idx=363 completed     0.5s load=11.85 tests/arrays/integer/test_construction.py
[364/1421] idx=365 completed     0.5s load=11.85 tests/arrays/integer/test_function.py
[365/1421] idx=367 completed     0.3s load=11.85 tests/arrays/integer/test_reduction.py
[366/1421] idx=364 completed     0.5s load=11.85 tests/arrays/integer/test_dtypes.py
[367/1421] idx=369 completed     0.1s load=11.85 tests/arrays/interval/__init__.py
[368/1421] idx=368 completed     0.3s load=11.85 tests/arrays/integer/test_repr.py
[369/1421] idx=375 completed     0.1s load=11.85 tests/arrays/masked/__init__.py
[370/1421] idx=371 completed     0.3s load=11.85 tests/arrays/interval/test_formats.py
[371/1421] idx=370 completed     0.3s load=11.85 tests/arrays/interval/test_astype.py
[372/1421] idx=373 completed     0.4s load=11.85 tests/arrays/interval/test_interval_pyarrow.py
[373/1421] idx=374 completed     0.4s load=11.85 tests/arrays/interval/test_overlaps.py
[374/1421] idx=372 completed     0.5s load=11.85 tests/arrays/interval/test_interval.py
[375/1421] idx=381 completed     0.1s load=11.85 tests/arrays/numpy_/__init__.py
[376/1421] idx=378 completed     0.3s load=11.85 tests/arrays/masked/test_function.py
[377/1421] idx=376 completed     0.5s load=11.85 tests/arrays/masked/test_arithmetic.py
[378/1421] idx=377 completed     0.4s load=11.85 tests/arrays/masked/test_arrow_compat.py
[379/1421] idx=379 completed     0.3s load=11.85 tests/arrays/masked/test_indexing.py
[380/1421] idx=384 completed     0.1s load=11.85 tests/arrays/period/__init__.py
[381/1421] idx=380 completed     0.4s load=11.85 tests/arrays/masked_shared.py
[382/1421] idx=382 completed     0.3s load=11.85 tests/arrays/numpy_/test_indexing.py
[383/1421] idx=389 completed     0.1s load=11.85 tests/arrays/sparse/__init__.py
[384/1421] idx=386 completed     0.3s load=11.85 tests/arrays/period/test_astype.py
[385/1421] idx=385 completed     0.4s load=11.85 tests/arrays/period/test_arrow_compat.py
[386/1421] idx=387 completed     0.3s load=11.85 tests/arrays/period/test_constructors.py
[387/1421] idx=383 completed     0.5s load=11.85 tests/arrays/numpy_/test_numpy.py
[388/1421] idx=388 completed     0.3s load=11.85 tests/arrays/period/test_reductions.py
[389/1421] idx=394 completed     0.4s load=11.85 tests/arrays/sparse/test_combine_concat.py
[390/1421] idx=393 completed     0.4s load=11.85 tests/arrays/sparse/test_astype.py
[391/1421] idx=390 completed     0.5s load=11.85 tests/arrays/sparse/test_accessor.py
[392/1421] idx=395 completed     0.5s load=11.85 tests/arrays/sparse/test_constructors.py
[393/1421] idx=392 completed     0.7s load=11.85 tests/arrays/sparse/test_array.py
[394/1421] idx=391 completed     0.8s load=11.85 tests/arrays/sparse/test_arithmetics.py
[395/1421] idx=396 completed     0.4s load=12.1 tests/arrays/sparse/test_dtype.py
[396/1421] idx=401 completed     0.1s load=12.1 tests/arrays/string_/__init__.py
[397/1421] idx=397 completed     0.5s load=12.1 tests/arrays/sparse/test_indexing.py
[398/1421] idx=399 completed     0.4s load=12.1 tests/arrays/sparse/test_reductions.py
[399/1421] idx=400 completed     0.4s load=12.1 tests/arrays/sparse/test_unary.py
[400/1421] idx=199 completed    19.9s load=12.1 core/tools/numeric.py
[401/1421] idx=398 completed     0.7s load=12.1 tests/arrays/sparse/test_libsparse.py
[402/1421] idx=402 completed     0.4s load=12.1 tests/arrays/string_/test_concat.py
[403/1421] idx=404 completed     0.4s load=12.1 tests/arrays/string_/test_string_arrow.py
[404/1421] idx=405 completed     0.4s load=12.1 tests/arrays/test_array.py
[405/1421] idx=408 completed     0.3s load=12.1 tests/arrays/test_ndarray_backed.py
[406/1421] idx=411 completed     0.1s load=12.1 tests/arrays/timedeltas/__init__.py
[407/1421] idx=409 completed     0.4s load=12.1 tests/arrays/test_period.py
[408/1421] idx=403 completed     0.8s load=12.1 tests/arrays/string_/test_string.py
[409/1421] idx=415 completed     0.1s load=12.1 tests/base/__init__.py
[410/1421] idx=412 completed     0.3s load=12.1 tests/arrays/timedeltas/test_constructors.py
[411/1421] idx=413 completed     0.3s load=12.1 tests/arrays/timedeltas/test_cumulative.py
[412/1421] idx=410 completed     0.5s load=12.1 tests/arrays/test_timedeltas.py
[413/1421] idx=414 completed     0.4s load=12.1 tests/arrays/timedeltas/test_reductions.py
[414/1421] idx=407 completed     0.9s load=12.1 tests/arrays/test_datetimes.py
[415/1421] idx=416 completed     0.3s load=12.1 tests/base/common.py
[416/1421] idx=417 completed     0.4s load=12.1 tests/base/test_constructors.py
[417/1421] idx=419 completed     0.3s load=12.1 tests/base/test_fillna.py
[418/1421] idx=421 completed     0.3s load=12.1 tests/base/test_transpose.py
[419/1421] idx=406 completed     1.3s load=12.1 tests/arrays/test_datetimelike.py
[420/1421] idx=424 completed     0.1s load=12.1 tests/computation/__init__.py
[421/1421] idx=420 completed     0.4s load=12.1 tests/base/test_misc.py
[422/1421] idx=422 completed     0.4s load=12.1 tests/base/test_unique.py
[423/1421] idx=418 completed     0.6s load=12.1 tests/base/test_conversion.py
[424/1421] idx=427 completed     0.1s load=12.1 tests/config/__init__.py
[425/1421] idx=430 completed     0.1s load=12.1 tests/construction/__init__.py
[426/1421] idx=425 completed     0.3s load=12.1 tests/computation/test_compat.py
[427/1421] idx=432 completed     0.1s load=12.1 tests/copy_view/__init__.py
[428/1421] idx=433 completed     0.1s load=12.1 tests/copy_view/index/__init__.py
[429/1421] idx=431 completed     0.3s load=12.1 tests/construction/test_extract_array.py
[430/1421] idx=429 completed     0.4s load=12.1 tests/config/test_localization.py
[431/1421] idx=423 completed     0.6s load=12.1 tests/base/test_value_counts.py
[432/1421] idx=428 completed     0.5s load=12.1 tests/config/test_config.py
[433/1421] idx=434 completed     0.3s load=12.1 tests/copy_view/index/test_datetimeindex.py
[434/1421] idx=436 completed     0.3s load=12.1 tests/copy_view/index/test_intervalindex.py
[435/1421] idx=437 completed     0.3s load=12.1 tests/copy_view/index/test_periodindex.py
[436/1421] idx=438 completed     0.4s load=12.1 tests/copy_view/index/test_timedeltaindex.py
[437/1421] idx=435 completed     0.5s load=12.1 tests/copy_view/index/test_index.py
[438/1421] idx=439 completed     0.4s load=12.1 tests/copy_view/test_array.py
[439/1421] idx=441 completed     0.3s load=12.1 tests/copy_view/test_chained_assignment_deprecation.py
[440/1421] idx=442 completed     0.3s load=12.1 tests/copy_view/test_clip.py
[441/1421] idx=440 completed     0.5s load=12.1 tests/copy_view/test_astype.py
[442/1421] idx=444 completed     0.3s load=12.1 tests/copy_view/test_copy_deprecation.py
[443/1421] idx=445 completed     0.4s load=12.1 tests/copy_view/test_core_functionalities.py
[444/1421] idx=443 completed     0.6s load=12.1 tests/copy_view/test_constructors.py
[445/1421] idx=448 completed     0.5s load=12.1 tests/copy_view/test_internals.py
[446/1421] idx=449 completed     0.5s load=12.1 tests/copy_view/test_interp_fillna.py
[447/1421] idx=426 completed     1.7s load=12.1 tests/computation/test_eval.py
[448/1421] idx=446 completed     0.8s load=12.1 tests/copy_view/test_functions.py
[449/1421] idx=447 completed     0.8s load=12.1 tests/copy_view/test_indexing.py
[450/1421] idx=455 completed     0.1s load=12.1 tests/dtypes/__init__.py
[451/1421] idx=453 completed     0.3s load=12.1 tests/copy_view/test_util.py
[452/1421] idx=452 completed     0.4s load=12.1 tests/copy_view/test_setitem.py
[453/1421] idx=456 completed     0.1s load=12.1 tests/dtypes/cast/__init__.py
[454/1421] idx=454 completed     0.3s load=12.1 tests/copy_view/util.py
[455/1421] idx=451 completed     0.6s load=12.1 tests/copy_view/test_replace.py
[456/1421] idx=457 completed     0.3s load=12.1 tests/dtypes/cast/test_box_unbox.py
[457/1421] idx=461 completed     0.3s load=12.1 tests/dtypes/cast/test_construct_object_arr.py
[458/1421] idx=458 completed     0.4s load=12.1 tests/dtypes/cast/test_can_hold_element.py
[459/1421] idx=459 completed     0.3s load=12.1 tests/dtypes/cast/test_construct_from_scalar.py
[460/1421] idx=460 completed     0.3s load=12.1 tests/dtypes/cast/test_construct_ndarray.py
[461/1421] idx=462 completed     0.3s load=12.1 tests/dtypes/cast/test_dict_compat.py
[462/1421] idx=463 completed     0.3s load=12.1 tests/dtypes/cast/test_downcast.py
[463/1421] idx=465 completed     0.3s load=12.1 tests/dtypes/cast/test_infer_datetimelike.py
[464/1421] idx=464 completed     0.4s load=12.1 tests/dtypes/cast/test_find_common_type.py
[465/1421] idx=466 completed     0.4s load=12.1 tests/dtypes/cast/test_infer_dtype.py
[466/1421] idx=467 completed     0.5s load=12.1 tests/dtypes/cast/test_promote.py
[467/1421] idx=469 completed     0.3s load=12.1 tests/dtypes/test_concat.py
[468/1421] idx=468 completed     0.6s load=12.1 tests/dtypes/test_common.py
[469/1421] idx=450 completed     1.7s load=12.1 tests/copy_view/test_methods.py
[470/1421] idx=475 completed     0.1s load=12.1 tests/extension/array_with_attr/__init__.py
[471/1421] idx=474 completed     0.1s load=12.1 tests/extension/__init__.py
[472/1421] idx=471 completed     0.4s load=12.1 tests/dtypes/test_generic.py
[473/1421] idx=478 completed     0.1s load=12.1 tests/extension/base/__init__.py
[474/1421] idx=480 completed     0.1s load=12.1 tests/extension/base/base.py
[475/1421] idx=476 completed     0.4s load=12.1 tests/extension/array_with_attr/array.py
[476/1421] idx=477 completed     0.3s load=12.17 tests/extension/array_with_attr/test_array_with_attr.py
[477/1421] idx=479 completed     0.3s load=12.17 tests/extension/base/accumulate.py
[478/1421] idx=473 completed     0.8s load=12.17 tests/dtypes/test_missing.py
[479/1421] idx=481 completed     0.4s load=12.17 tests/extension/base/casting.py
[480/1421] idx=482 completed     0.4s load=12.17 tests/extension/base/constructors.py
[481/1421] idx=470 completed     1.2s load=12.17 tests/dtypes/test_dtypes.py
[482/1421] idx=484 completed     0.4s load=12.17 tests/extension/base/dtype.py
[483/1421] idx=483 completed     0.6s load=12.17 tests/extension/base/dim2.py
[484/1421] idx=486 completed     0.4s load=12.17 tests/extension/base/groupby.py
[485/1421] idx=487 completed     0.3s load=12.17 tests/extension/base/index.py
[486/1421] idx=489 completed     0.4s load=12.17 tests/extension/base/io.py
[487/1421] idx=488 completed     0.4s load=12.17 tests/extension/base/interface.py
[488/1421] idx=485 completed     0.7s load=12.17 tests/extension/base/getitem.py
[489/1421] idx=491 completed     0.4s load=12.17 tests/extension/base/missing.py
[490/1421] idx=493 completed     0.3s load=12.17 tests/extension/base/printing.py
[491/1421] idx=472 completed     1.9s load=12.17 tests/dtypes/test_inference.py
[492/1421] idx=492 completed     0.5s load=12.17 tests/extension/base/ops.py
[493/1421] idx=494 completed     0.4s load=12.17 tests/extension/base/reduce.py
[494/1421] idx=498 completed     0.1s load=12.17 tests/extension/date/__init__.py
[495/1421] idx=500 completed     0.1s load=12.17 tests/extension/decimal/__init__.py
[496/1421] idx=497 completed     0.3s load=12.17 tests/extension/conftest.py
[497/1421] idx=490 completed     0.9s load=12.17 tests/extension/base/methods.py
[498/1421] idx=495 completed     0.7s load=12.17 tests/extension/base/reshaping.py
[499/1421] idx=503 completed     0.1s load=12.17 tests/extension/json/__init__.py
[500/1421] idx=499 completed     0.5s load=12.17 tests/extension/date/array.py
[501/1421] idx=506 completed     0.1s load=12.17 tests/extension/list/__init__.py
[502/1421] idx=496 completed     0.7s load=12.17 tests/extension/base/setitem.py
[503/1421] idx=501 completed     0.6s load=12.17 tests/extension/decimal/array.py
[504/1421] idx=502 completed     0.6s load=12.17 tests/extension/decimal/test_decimal.py
[505/1421] idx=508 completed     0.3s load=12.17 tests/extension/list/test_list.py
[506/1421] idx=507 completed     0.4s load=12.17 tests/extension/list/array.py
[507/1421] idx=504 completed     0.6s load=12.17 tests/extension/json/array.py
[508/1421] idx=505 completed     0.7s load=12.17 tests/extension/json/test_json.py
[509/1421] idx=511 completed     0.4s load=12.17 tests/extension/test_common.py
[510/1421] idx=510 completed     0.5s load=12.17 tests/extension/test_categorical.py
[511/1421] idx=513 completed     0.3s load=12.17 tests/extension/test_extension.py
[512/1421] idx=514 completed     0.4s load=12.17 tests/extension/test_interval.py
[513/1421] idx=512 completed     0.4s load=12.17 tests/extension/test_datetime.py
[514/1421] idx=520 completed     0.1s load=12.17 tests/extension/uuid/__init__.py
[515/1421] idx=517 completed     0.4s load=12.17 tests/extension/test_period.py
[516/1421] idx=515 completed     0.6s load=12.17 tests/extension/test_masked.py
[517/1421] idx=522 completed     0.1s load=12.17 tests/frame/__init__.py
[518/1421] idx=516 completed     0.6s load=12.17 tests/extension/test_numpy.py
[519/1421] idx=521 completed     0.4s load=12.17 tests/extension/uuid/test_uuid.py
[520/1421] idx=525 completed     0.1s load=12.17 tests/frame/constructors/__init__.py
[521/1421] idx=519 completed     0.6s load=12.17 tests/extension/test_string.py
[522/1421] idx=518 completed     0.7s load=12.17 tests/extension/test_sparse.py
[523/1421] idx=524 completed     0.3s load=12.17 tests/frame/conftest.py
[524/1421] idx=528 completed     0.1s load=12.17 tests/frame/indexing/__init__.py
[525/1421] idx=523 completed     0.4s load=12.17 tests/frame/common.py
[526/1421] idx=531 completed     0.3s load=12.17 tests/frame/indexing/test_get.py
[527/1421] idx=526 completed     0.5s load=12.17 tests/frame/constructors/test_from_dict.py
[528/1421] idx=532 completed     0.3s load=12.17 tests/frame/indexing/test_get_value.py
[529/1421] idx=530 completed     0.4s load=12.17 tests/frame/indexing/test_delitem.py
[530/1421] idx=529 completed     0.4s load=12.17 tests/frame/indexing/test_coercion.py
[531/1421] idx=535 completed     0.3s load=12.17 tests/frame/indexing/test_insert.py
[532/1421] idx=537 completed     0.3s load=12.17 tests/frame/indexing/test_set_value.py
[533/1421] idx=527 completed     0.9s load=12.17 tests/frame/constructors/test_from_records.py
[534/1421] idx=536 completed     0.4s load=12.17 tests/frame/indexing/test_mask.py
[535/1421] idx=533 completed     0.6s load=12.17 tests/frame/indexing/test_getitem.py
[536/1421] idx=542 completed     0.1s load=12.17 tests/frame/methods/__init__.py
[537/1421] idx=539 completed     0.4s load=12.17 tests/frame/indexing/test_take.py
[538/1421] idx=543 completed     0.3s load=12.17 tests/frame/methods/test_add_prefix_suffix.py
[539/1421] idx=541 completed     0.6s load=12.17 tests/frame/indexing/test_xs.py
[540/1421] idx=544 completed     0.5s load=12.17 tests/frame/methods/test_align.py
[541/1421] idx=509 completed     3.0s load=12.17 tests/extension/test_arrow.py
[542/1421] idx=546 completed     0.4s load=12.17 tests/frame/methods/test_asof.py
[543/1421] idx=540 completed     1.1s load=12.64 tests/frame/indexing/test_where.py
[544/1421] idx=545 completed     0.5s load=12.64 tests/frame/methods/test_asfreq.py
[545/1421] idx=547 completed     0.4s load=12.64 tests/frame/methods/test_assign.py
[546/1421] idx=534 completed     1.9s load=12.64 tests/frame/indexing/test_indexing.py
[547/1421] idx=538 completed     1.6s load=12.64 tests/frame/indexing/test_setitem.py
[548/1421] idx=549 completed     0.5s load=12.64 tests/frame/methods/test_at_time.py
[549/1421] idx=552 completed     0.4s load=12.64 tests/frame/methods/test_combine.py
[550/1421] idx=550 completed     0.6s load=12.64 tests/frame/methods/test_between_time.py
[551/1421] idx=548 completed     0.8s load=12.64 tests/frame/methods/test_astype.py
[552/1421] idx=551 completed     0.6s load=12.64 tests/frame/methods/test_clip.py
[553/1421] idx=555 completed     0.4s load=12.64 tests/frame/methods/test_convert_dtypes.py
[554/1421] idx=554 completed     0.5s load=12.64 tests/frame/methods/test_compare.py
[555/1421] idx=556 completed     0.3s load=12.64 tests/frame/methods/test_copy.py
[556/1421] idx=557 completed     0.3s load=12.64 tests/frame/methods/test_count.py
[557/1421] idx=553 completed     0.8s load=12.64 tests/frame/methods/test_combine_first.py
[558/1421] idx=561 completed     0.4s load=12.64 tests/frame/methods/test_dot.py
[559/1421] idx=558 completed     0.7s load=12.64 tests/frame/methods/test_cov_corr.py
[560/1421] idx=559 completed     0.6s load=12.64 tests/frame/methods/test_describe.py
[561/1421] idx=560 completed     0.5s load=12.64 tests/frame/methods/test_diff.py
[562/1421] idx=564 completed     0.3s load=12.64 tests/frame/methods/test_droplevel.py
[563/1421] idx=562 completed     0.7s load=12.64 tests/frame/methods/test_drop.py
[564/1421] idx=567 completed     0.3s load=12.64 tests/frame/methods/test_duplicated.py
[565/1421] idx=566 completed     0.4s load=12.64 tests/frame/methods/test_dtypes.py
[566/1421] idx=565 completed     0.5s load=12.64 tests/frame/methods/test_dropna.py
[567/1421] idx=568 completed     0.4s load=12.64 tests/frame/methods/test_equals.py
[568/1421] idx=569 completed     0.4s load=12.64 tests/frame/methods/test_explode.py
[569/1421] idx=563 completed     0.9s load=12.64 tests/frame/methods/test_drop_duplicates.py
[570/1421] idx=572 completed     0.3s load=12.64 tests/frame/methods/test_first_valid_index.py
[571/1421] idx=571 completed     0.4s load=12.64 tests/frame/methods/test_filter.py
[572/1421] idx=574 completed     0.3s load=12.64 tests/frame/methods/test_head_tail.py
[573/1421] idx=575 completed     0.3s load=12.64 tests/frame/methods/test_infer_objects.py
[574/1421] idx=573 completed     0.4s load=12.64 tests/frame/methods/test_get_numeric_data.py
[575/1421] idx=578 completed     0.3s load=12.64 tests/frame/methods/test_is_homogeneous_dtype.py
[576/1421] idx=579 completed     0.3s load=12.64 tests/frame/methods/test_isetitem.py
[577/1421] idx=570 completed     0.8s load=12.64 tests/frame/methods/test_fillna.py
[578/1421] idx=581 completed     0.3s load=12.64 tests/frame/methods/test_iterrows.py
[579/1421] idx=576 completed     0.7s load=12.64 tests/frame/methods/test_info.py
[580/1421] idx=580 completed     0.5s load=12.64 tests/frame/methods/test_isin.py
[581/1421] idx=577 completed     0.6s load=12.64 tests/frame/methods/test_interpolate.py
[582/1421] idx=584 completed     0.3s load=12.64 tests/frame/methods/test_matmul.py
[583/1421] idx=583 completed     0.4s load=12.64 tests/frame/methods/test_map.py
[584/1421] idx=585 completed     0.5s load=12.64 tests/frame/methods/test_nlargest.py
[585/1421] idx=586 completed     0.4s load=12.64 tests/frame/methods/test_pct_change.py
[586/1421] idx=587 completed     0.3s load=12.64 tests/frame/methods/test_pipe.py
[587/1421] idx=582 completed     0.7s load=12.64 tests/frame/methods/test_join.py
[588/1421] idx=588 completed     0.4s load=12.64 tests/frame/methods/test_pop.py
[589/1421] idx=592 completed     0.3s load=12.64 tests/frame/methods/test_reindex_like.py
[590/1421] idx=594 completed     0.4s load=12.64 tests/frame/methods/test_rename_axis.py
[591/1421] idx=595 completed     0.3s load=12.64 tests/frame/methods/test_reorder_levels.py
[592/1421] idx=593 completed     0.6s load=12.64 tests/frame/methods/test_rename.py
[593/1421] idx=590 completed     0.7s load=12.64 tests/frame/methods/test_rank.py
[594/1421] idx=589 completed     0.8s load=12.64 tests/frame/methods/test_quantile.py
[595/1421] idx=598 completed     0.4s load=12.64 tests/frame/methods/test_round.py
[596/1421] idx=601 completed     0.4s load=12.64 tests/frame/methods/test_set_axis.py
[597/1421] idx=599 completed     0.5s load=12.64 tests/frame/methods/test_sample.py
[598/1421] idx=600 completed     0.6s load=12.64 tests/frame/methods/test_select_dtypes.py
[599/1421] idx=591 completed     1.3s load=12.64 tests/frame/methods/test_reindex.py
[600/1421] idx=597 completed     0.9s load=12.64 tests/frame/methods/test_reset_index.py
[601/1421] idx=604 completed     0.3s load=12.64 tests/frame/methods/test_size.py
[602/1421] idx=607 completed     0.3s load=12.64 tests/frame/methods/test_swaplevel.py
[603/1421] idx=596 completed     1.4s load=12.64 tests/frame/methods/test_replace.py
[604/1421] idx=602 completed     0.9s load=12.64 tests/frame/methods/test_set_index.py
[605/1421] idx=603 completed     1.0s load=12.75 tests/frame/methods/test_shift.py
[606/1421] idx=606 completed     0.8s load=12.75 tests/frame/methods/test_sort_values.py
[607/1421] idx=610 completed     0.4s load=12.75 tests/frame/methods/test_to_dict_of_blocks.py
[608/1421] idx=611 completed     0.3s load=12.75 tests/frame/methods/test_to_numpy.py
[609/1421] idx=605 completed     1.0s load=12.75 tests/frame/methods/test_sort_index.py
[610/1421] idx=609 completed     0.7s load=12.75 tests/frame/methods/test_to_dict.py
[611/1421] idx=612 completed     0.4s load=12.75 tests/frame/methods/test_to_period.py
[612/1421] idx=614 completed     0.4s load=12.75 tests/frame/methods/test_to_timestamp.py
[613/1421] idx=615 completed     0.5s load=12.75 tests/frame/methods/test_transpose.py
[614/1421] idx=613 completed     0.5s load=12.75 tests/frame/methods/test_to_records.py
[615/1421] idx=616 completed     0.4s load=12.75 tests/frame/methods/test_truncate.py
[616/1421] idx=618 completed     0.3s load=12.75 tests/frame/methods/test_tz_localize.py
[617/1421] idx=617 completed     0.6s load=12.75 tests/frame/methods/test_tz_convert.py
[618/1421] idx=622 completed     0.3s load=12.75 tests/frame/test_alter_axes.py
[619/1421] idx=620 completed     0.4s load=12.75 tests/frame/methods/test_value_counts.py
[620/1421] idx=619 completed     0.5s load=12.75 tests/frame/methods/test_update.py
[621/1421] idx=608 completed     1.6s load=12.75 tests/frame/methods/test_to_csv.py
[622/1421] idx=621 completed     0.5s load=12.75 tests/frame/methods/test_values.py
[623/1421] idx=625 completed     0.3s load=12.75 tests/frame/test_arrow_interface.py
[624/1421] idx=628 completed     0.4s load=12.75 tests/frame/test_cumulative.py
[625/1421] idx=623 completed     0.6s load=12.75 tests/frame/test_api.py
[626/1421] idx=629 completed     0.5s load=12.75 tests/frame/test_iteration.py
[627/1421] idx=630 completed     0.4s load=12.75 tests/frame/test_logical_ops.py
[628/1421] idx=632 completed     0.4s load=12.75 tests/frame/test_npfuncs.py
[629/1421] idx=626 completed     0.9s load=12.75 tests/frame/test_block_internals.py
[630/1421] idx=631 completed     0.6s load=12.75 tests/frame/test_nonunique_indexes.py
[631/1421] idx=635 completed     0.6s load=12.75 tests/frame/test_repr.py
[632/1421] idx=637 completed     0.9s load=12.75 tests/frame/test_subclass.py
[633/1421] idx=638 completed     0.5s load=12.75 tests/frame/test_ufunc.py
[634/1421] idx=624 completed     2.2s load=12.75 tests/frame/test_arithmetic.py
[635/1421] idx=641 completed     0.1s load=12.75 tests/generic/__init__.py
[636/1421] idx=640 completed     0.3s load=12.75 tests/frame/test_validate.py
[637/1421] idx=639 completed     0.4s load=12.75 tests/frame/test_unary.py
[638/1421] idx=634 completed     1.9s load=12.75 tests/frame/test_reductions.py
[639/1421] idx=633 completed     2.0s load=12.75 tests/frame/test_query_eval.py
[640/1421] idx=642 completed     0.5s load=12.75 tests/generic/test_duplicate_labels.py
[641/1421] idx=644 completed     0.5s load=12.75 tests/generic/test_frame.py
[642/1421] idx=643 completed     0.6s load=12.75 tests/generic/test_finalize.py
[643/1421] idx=647 completed     0.4s load=12.75 tests/generic/test_series.py
[644/1421] idx=649 completed     0.3s load=12.75 tests/groupby/__init__.py
[645/1421] idx=646 completed     0.5s load=12.75 tests/generic/test_label_or_level_utils.py
[646/1421] idx=650 completed     0.1s load=12.75 tests/groupby/aggregate/__init__.py
[647/1421] idx=648 completed     0.4s load=12.75 tests/generic/test_to_xarray.py
[648/1421] idx=636 completed     2.5s load=12.75 tests/frame/test_stack_unstack.py
[649/1421] idx=645 completed     0.8s load=12.75 tests/generic/test_generic.py
[650/1421] idx=656 completed     0.1s load=12.75 tests/groupby/methods/__init__.py
[651/1421] idx=655 completed     0.3s load=12.75 tests/groupby/conftest.py
[652/1421] idx=653 completed     0.6s load=12.75 tests/groupby/aggregate/test_numba.py
[653/1421] idx=627 completed     3.7s load=12.75 tests/frame/test_constructors.py
[654/1421] idx=654 completed     0.8s load=12.75 tests/groupby/aggregate/test_other.py
[655/1421] idx=657 completed     0.5s load=12.75 tests/groupby/methods/test_describe.py
[656/1421] idx=659 completed     0.3s load=13.01 tests/groupby/methods/test_is_monotonic.py
[657/1421] idx=660 completed     0.3s load=13.01 tests/groupby/methods/test_kurt.py
[658/1421] idx=652 completed     1.1s load=13.01 tests/groupby/aggregate/test_cython.py
[659/1421] idx=658 completed     0.5s load=13.01 tests/groupby/methods/test_groupby_shift_diff.py
[660/1421] idx=661 completed     0.4s load=13.01 tests/groupby/methods/test_nlargest_nsmallest.py
[661/1421] idx=666 completed     0.4s load=13.01 tests/groupby/methods/test_size.py
[662/1421] idx=665 completed     0.5s load=13.01 tests/groupby/methods/test_sample.py
[663/1421] idx=667 completed     0.3s load=13.01 tests/groupby/methods/test_skew.py
[664/1421] idx=664 completed     0.6s load=13.01 tests/groupby/methods/test_rank.py
[665/1421] idx=663 completed     0.8s load=13.01 tests/groupby/methods/test_quantile.py
[666/1421] idx=651 completed     1.8s load=13.01 tests/groupby/aggregate/test_aggregate.py
[667/1421] idx=662 completed     0.9s load=13.01 tests/groupby/methods/test_nth.py
[668/1421] idx=669 completed     0.4s load=13.01 tests/groupby/test_all_methods.py
[669/1421] idx=672 completed     0.3s load=13.01 tests/groupby/test_bin_groupby.py
[670/1421] idx=670 completed     0.5s load=13.01 tests/groupby/test_api.py
[671/1421] idx=675 completed     0.6s load=13.01 tests/groupby/test_cumulative.py
[672/1421] idx=674 completed     0.8s load=13.01 tests/groupby/test_counting.py
[673/1421] idx=668 completed     1.3s load=13.01 tests/groupby/methods/test_value_counts.py
[674/1421] idx=676 completed     1.0s load=13.01 tests/groupby/test_filters.py
[675/1421] idx=679 completed     0.4s load=13.01 tests/groupby/test_groupby_subclass.py
[676/1421] idx=671 completed     1.5s load=13.01 tests/groupby/test_apply.py
[677/1421] idx=681 completed     0.4s load=13.01 tests/groupby/test_index_as_string.py
[678/1421] idx=678 completed     1.0s load=13.01 tests/groupby/test_groupby_dropna.py
[679/1421] idx=682 completed     0.6s load=13.01 tests/groupby/test_indexing.py
[680/1421] idx=683 completed     0.6s load=13.01 tests/groupby/test_libgroupby.py
[681/1421] idx=684 completed     0.4s load=13.01 tests/groupby/test_missing.py
[682/1421] idx=685 completed     0.3s load=13.01 tests/groupby/test_numba.py
[683/1421] idx=687 completed     0.4s load=13.01 tests/groupby/test_pipe.py
[684/1421] idx=680 completed     1.3s load=13.01 tests/groupby/test_grouping.py
[685/1421] idx=686 completed     0.5s load=13.01 tests/groupby/test_numeric_only.py
[686/1421] idx=691 completed     0.1s load=13.01 tests/groupby/transform/__init__.py
[687/1421] idx=673 completed     2.6s load=13.01 tests/groupby/test_categorical.py
[688/1421] idx=688 completed     0.6s load=13.01 tests/groupby/test_raises.py
[689/1421] idx=694 completed     0.1s load=13.01 tests/indexes/__init__.py
[690/1421] idx=695 completed     0.1s load=13.01 tests/indexes/base_class/__init__.py
[691/1421] idx=692 completed     0.6s load=13.01 tests/groupby/transform/test_numba.py
[692/1421] idx=697 completed     0.3s load=13.01 tests/indexes/base_class/test_formats.py
[693/1421] idx=696 completed     0.4s load=13.01 tests/indexes/base_class/test_constructors.py
[694/1421] idx=698 completed     0.4s load=13.01 tests/indexes/base_class/test_indexing.py
[695/1421] idx=699 completed     0.3s load=13.01 tests/indexes/base_class/test_pickle.py
[696/1421] idx=677 completed     3.1s load=13.01 tests/groupby/test_groupby.py
[697/1421] idx=689 completed     1.3s load=13.01 tests/groupby/test_reductions.py
[698/1421] idx=700 completed     0.4s load=13.01 tests/indexes/base_class/test_reshape.py
[699/1421] idx=690 completed     1.2s load=13.01 tests/groupby/test_timegrouper.py
[700/1421] idx=703 completed     0.1s load=13.01 tests/indexes/categorical/__init__.py
[701/1421] idx=702 completed     0.3s load=13.01 tests/indexes/base_class/test_where.py
[702/1421] idx=704 completed     0.4s load=13.01 tests/indexes/categorical/test_append.py
[703/1421] idx=701 completed     0.5s load=13.01 tests/indexes/base_class/test_setops.py
[704/1421] idx=705 completed     0.4s load=13.01 tests/indexes/categorical/test_astype.py
[705/1421] idx=707 completed     0.4s load=13.01 tests/indexes/categorical/test_constructors.py
[706/1421] idx=708 completed     0.4s load=13.01 tests/indexes/categorical/test_equals.py
[707/1421] idx=706 completed     0.6s load=13.01 tests/indexes/categorical/test_category.py
[708/1421] idx=709 completed     0.4s load=13.25 tests/indexes/categorical/test_fillna.py
[709/1421] idx=710 completed     0.4s load=13.25 tests/indexes/categorical/test_formats.py
[710/1421] idx=716 completed     0.1s load=13.25 tests/indexes/datetimelike_/__init__.py
[711/1421] idx=712 completed     0.4s load=13.25 tests/indexes/categorical/test_map.py
[712/1421] idx=713 completed     0.3s load=13.25 tests/indexes/categorical/test_reindex.py
[713/1421] idx=693 completed     1.9s load=13.25 tests/groupby/transform/test_transform.py
[714/1421] idx=714 completed     0.3s load=13.25 tests/indexes/categorical/test_setops.py
[715/1421] idx=711 completed     0.6s load=13.25 tests/indexes/categorical/test_indexing.py
[716/1421] idx=715 completed     0.3s load=13.25 tests/indexes/conftest.py
[717/1421] idx=717 completed     0.4s load=13.25 tests/indexes/datetimelike_/test_drop_duplicates.py
[718/1421] idx=719 completed     0.3s load=13.25 tests/indexes/datetimelike_/test_indexing.py
[719/1421] idx=724 completed     0.1s load=13.25 tests/indexes/datetimes/__init__.py
[720/1421] idx=721 completed     0.3s load=13.25 tests/indexes/datetimelike_/test_nat.py
[721/1421] idx=718 completed     0.5s load=13.25 tests/indexes/datetimelike_/test_equals.py
[722/1421] idx=725 completed     0.1s load=13.25 tests/indexes/datetimes/methods/__init__.py
[723/1421] idx=723 completed     0.4s load=13.25 tests/indexes/datetimelike_/test_value_counts.py
[724/1421] idx=722 completed     0.5s load=13.25 tests/indexes/datetimelike_/test_sort_values.py
[725/1421] idx=720 completed     0.6s load=13.25 tests/indexes/datetimelike_/test_is_monotonic.py
[726/1421] idx=726 completed     0.3s load=13.25 tests/indexes/datetimes/methods/test_asof.py
[727/1421] idx=729 completed     0.4s load=13.25 tests/indexes/datetimes/methods/test_factorize.py
[728/1421] idx=728 completed     0.4s load=13.25 tests/indexes/datetimes/methods/test_delete.py
[729/1421] idx=730 completed     0.3s load=13.25 tests/indexes/datetimes/methods/test_fillna.py
[730/1421] idx=732 completed     0.3s load=13.25 tests/indexes/datetimes/methods/test_isocalendar.py
[731/1421] idx=727 completed     0.6s load=13.25 tests/indexes/datetimes/methods/test_astype.py
[732/1421] idx=733 completed     0.3s load=13.25 tests/indexes/datetimes/methods/test_map.py
[733/1421] idx=731 completed     0.6s load=13.25 tests/indexes/datetimes/methods/test_insert.py
[734/1421] idx=736 completed     0.3s load=13.25 tests/indexes/datetimes/methods/test_resolution.py
[735/1421] idx=734 completed     0.3s load=13.25 tests/indexes/datetimes/methods/test_normalize.py
[736/1421] idx=735 completed     0.4s load=13.25 tests/indexes/datetimes/methods/test_repeat.py
[737/1421] idx=739 completed     0.3s load=13.25 tests/indexes/datetimes/methods/test_snap.py
[738/1421] idx=737 completed     0.5s load=13.25 tests/indexes/datetimes/methods/test_round.py
[739/1421] idx=738 completed     0.4s load=13.25 tests/indexes/datetimes/methods/test_shift.py
[740/1421] idx=740 completed     0.3s load=13.25 tests/indexes/datetimes/methods/test_to_frame.py
[741/1421] idx=741 completed     0.3s load=13.25 tests/indexes/datetimes/methods/test_to_julian_date.py
[742/1421] idx=742 completed     0.4s load=13.25 tests/indexes/datetimes/methods/test_to_period.py
[743/1421] idx=743 completed     0.3s load=13.25 tests/indexes/datetimes/methods/test_to_pydatetime.py
[744/1421] idx=744 completed     0.3s load=13.25 tests/indexes/datetimes/methods/test_to_series.py
[745/1421] idx=747 completed     0.4s load=13.25 tests/indexes/datetimes/methods/test_unique.py
[746/1421] idx=748 completed     0.4s load=13.25 tests/indexes/datetimes/test_arithmetic.py
[747/1421] idx=746 completed     0.5s load=13.25 tests/indexes/datetimes/methods/test_tz_localize.py
[748/1421] idx=745 completed     0.7s load=13.25 tests/indexes/datetimes/methods/test_tz_convert.py
[749/1421] idx=751 completed     0.4s load=13.25 tests/indexes/datetimes/test_datetime.py
[750/1421] idx=753 completed     0.3s load=13.25 tests/indexes/datetimes/test_freq_attr.py
[751/1421] idx=752 completed     0.4s load=13.25 tests/indexes/datetimes/test_formats.py
[752/1421] idx=755 completed     0.4s load=13.25 tests/indexes/datetimes/test_iter.py
[753/1421] idx=757 completed     0.3s load=13.25 tests/indexes/datetimes/test_npfuncs.py
[754/1421] idx=749 completed     0.9s load=13.25 tests/indexes/datetimes/test_constructors.py
[755/1421] idx=756 completed     0.4s load=13.25 tests/indexes/datetimes/test_join.py
[756/1421] idx=758 completed     0.3s load=13.25 tests/indexes/datetimes/test_ops.py
[757/1421] idx=754 completed     0.9s load=13.25 tests/indexes/datetimes/test_indexing.py
[758/1421] idx=761 completed     0.3s load=13.25 tests/indexes/datetimes/test_reindex.py
[759/1421] idx=760 completed     0.4s load=13.25 tests/indexes/datetimes/test_pickle.py
[760/1421] idx=765 completed     0.1s load=13.25 tests/indexes/interval/__init__.py
[761/1421] idx=759 completed     0.7s load=13.25 tests/indexes/datetimes/test_partial_slicing.py
[762/1421] idx=750 completed     1.6s load=13.25 tests/indexes/datetimes/test_date_range.py
[763/1421] idx=762 completed     0.7s load=13.25 tests/indexes/datetimes/test_scalar_compat.py
[764/1421] idx=764 completed     0.5s load=13.25 tests/indexes/datetimes/test_timezones.py
[765/1421] idx=766 completed     0.5s load=13.25 tests/indexes/interval/test_astype.py
[766/1421] idx=768 completed     0.4s load=13.25 tests/indexes/interval/test_equals.py
[767/1421] idx=767 completed     0.6s load=13.25 tests/indexes/interval/test_constructors.py
[768/1421] idx=769 completed     0.3s load=13.25 tests/indexes/interval/test_formats.py
[769/1421] idx=763 completed     1.1s load=13.25 tests/indexes/datetimes/test_setops.py
[770/1421] idx=772 completed     0.5s load=13.25 tests/indexes/interval/test_interval_range.py
[771/1421] idx=775 completed     0.3s load=13.25 tests/indexes/interval/test_pickle.py
[772/1421] idx=774 completed     0.3s load=13.25 tests/indexes/interval/test_join.py
[773/1421] idx=777 completed     0.1s load=13.25 tests/indexes/multi/__init__.py
[774/1421] idx=773 completed     0.4s load=13.25 tests/indexes/interval/test_interval_tree.py
[775/1421] idx=770 completed     0.8s load=13.25 tests/indexes/interval/test_indexing.py
[776/1421] idx=778 completed     0.3s load=13.25 tests/indexes/multi/conftest.py
[777/1421] idx=776 completed     0.5s load=13.25 tests/indexes/interval/test_setops.py
[778/1421] idx=780 completed     0.3s load=13.25 tests/indexes/multi/test_astype.py
[779/1421] idx=771 completed     1.0s load=13.25 tests/indexes/interval/test_interval.py
[780/1421] idx=779 completed     0.4s load=13.25 tests/indexes/multi/test_analytics.py
[781/1421] idx=781 completed     0.4s load=13.25 tests/indexes/multi/test_compat.py
[782/1421] idx=784 completed     0.3s load=13.25 tests/indexes/multi/test_copy.py
[783/1421] idx=783 completed     0.4s load=13.25 tests/indexes/multi/test_conversion.py
[784/1421] idx=785 completed     0.4s load=13.25 tests/indexes/multi/test_drop.py
[785/1421] idx=788 completed     0.4s load=13.25 tests/indexes/multi/test_formats.py
[786/1421] idx=787 completed     0.5s load=13.55 tests/indexes/multi/test_equivalence.py
[787/1421] idx=782 completed     0.8s load=13.55 tests/indexes/multi/test_constructors.py
[788/1421] idx=786 completed     0.6s load=13.55 tests/indexes/multi/test_duplicates.py
[789/1421] idx=789 completed     0.4s load=13.55 tests/indexes/multi/test_get_level_values.py
[790/1421] idx=790 completed     0.5s load=13.55 tests/indexes/multi/test_get_set.py
[791/1421] idx=792 completed     0.5s load=13.55 tests/indexes/multi/test_integrity.py
[792/1421] idx=795 completed     0.3s load=13.55 tests/indexes/multi/test_lexsort.py
[793/1421] idx=793 completed     0.4s load=13.55 tests/indexes/multi/test_isin.py
[794/1421] idx=794 completed     0.5s load=13.55 tests/indexes/multi/test_join.py
[795/1421] idx=796 completed     0.4s load=13.55 tests/indexes/multi/test_missing.py
[796/1421] idx=797 completed     0.5s load=13.55 tests/indexes/multi/test_monotonic.py
[797/1421] idx=800 completed     0.3s load=13.55 tests/indexes/multi/test_pickle.py
[798/1421] idx=798 completed     0.4s load=13.55 tests/indexes/multi/test_names.py
[799/1421] idx=799 completed     0.4s load=13.55 tests/indexes/multi/test_partial_indexing.py
[800/1421] idx=801 completed     0.4s load=13.55 tests/indexes/multi/test_reindex.py
[801/1421] idx=802 completed     0.4s load=13.55 tests/indexes/multi/test_reshape.py
[802/1421] idx=791 completed     1.2s load=13.55 tests/indexes/multi/test_indexing.py
[803/1421] idx=807 completed     0.1s load=13.55 tests/indexes/numeric/__init__.py
[804/1421] idx=805 completed     0.3s load=13.55 tests/indexes/multi/test_take.py
[805/1421] idx=806 completed     0.3s load=13.55 tests/indexes/multi/test_util.py
[806/1421] idx=804 completed     0.6s load=13.55 tests/indexes/multi/test_sorting.py
[807/1421] idx=808 completed     0.4s load=13.55 tests/indexes/numeric/test_astype.py
[808/1421] idx=813 completed     0.1s load=13.55 tests/indexes/object/__init__.py
[809/1421] idx=803 completed     0.8s load=13.55 tests/indexes/multi/test_setops.py
[810/1421] idx=810 completed     0.6s load=13.55 tests/indexes/numeric/test_join.py
[811/1421] idx=812 completed     0.4s load=13.55 tests/indexes/numeric/test_setops.py
[812/1421] idx=816 completed     0.1s load=13.55 tests/indexes/period/__init__.py
[813/1421] idx=814 completed     0.3s load=13.55 tests/indexes/object/test_astype.py
[814/1421] idx=817 completed     0.1s load=13.55 tests/indexes/period/methods/__init__.py
[815/1421] idx=809 completed     0.7s load=13.55 tests/indexes/numeric/test_indexing.py
[816/1421] idx=815 completed     0.4s load=13.55 tests/indexes/object/test_indexing.py
[817/1421] idx=811 completed     0.6s load=13.55 tests/indexes/numeric/test_numeric.py
[818/1421] idx=820 completed     0.3s load=13.55 tests/indexes/period/methods/test_factorize.py
[819/1421] idx=821 completed     0.3s load=13.55 tests/indexes/period/methods/test_fillna.py
[820/1421] idx=818 completed     0.4s load=13.55 tests/indexes/period/methods/test_asfreq.py
[821/1421] idx=822 completed     0.3s load=13.55 tests/indexes/period/methods/test_insert.py
[822/1421] idx=819 completed     0.5s load=13.55 tests/indexes/period/methods/test_astype.py
[823/1421] idx=823 completed     0.3s load=13.55 tests/indexes/period/methods/test_is_full.py
[824/1421] idx=824 completed     0.3s load=13.55 tests/indexes/period/methods/test_repeat.py
[825/1421] idx=829 completed     0.3s load=13.55 tests/indexes/period/test_freq_attr.py
[826/1421] idx=825 completed     0.4s load=13.55 tests/indexes/period/methods/test_shift.py
[827/1421] idx=831 completed     0.3s load=13.55 tests/indexes/period/test_join.py
[828/1421] idx=826 completed     0.4s load=13.55 tests/indexes/period/methods/test_to_timestamp.py
[829/1421] idx=828 completed     0.4s load=13.55 tests/indexes/period/test_formats.py
[830/1421] idx=832 completed     0.3s load=13.55 tests/indexes/period/test_monotonic.py
[831/1421] idx=827 completed     0.7s load=13.55 tests/indexes/period/test_constructors.py
[832/1421] idx=836 completed     0.3s load=13.55 tests/indexes/period/test_pickle.py
[833/1421] idx=835 completed     0.4s load=13.55 tests/indexes/period/test_period_range.py
[834/1421] idx=833 completed     0.5s load=13.55 tests/indexes/period/test_partial_slicing.py
[835/1421] idx=834 completed     0.5s load=13.55 tests/indexes/period/test_period.py
[836/1421] idx=837 completed     0.3s load=13.55 tests/indexes/period/test_resolution.py
[837/1421] idx=842 completed     0.1s load=13.55 tests/indexes/ranges/__init__.py
[838/1421] idx=838 completed     0.3s load=13.55 tests/indexes/period/test_scalar_compat.py
[839/1421] idx=830 completed     1.0s load=13.55 tests/indexes/period/test_indexing.py
[840/1421] idx=839 completed     0.3s load=13.55 tests/indexes/period/test_searchsorted.py
[841/1421] idx=841 completed     0.3s load=13.55 tests/indexes/period/test_tools.py
[842/1421] idx=843 completed     0.4s load=13.55 tests/indexes/ranges/test_constructors.py
[843/1421] idx=848 completed     0.1s load=13.55 tests/indexes/string/__init__.py
[844/1421] idx=844 completed     0.4s load=13.55 tests/indexes/ranges/test_indexing.py
[845/1421] idx=845 completed     0.4s load=13.55 tests/indexes/ranges/test_join.py
[846/1421] idx=840 completed     0.8s load=13.55 tests/indexes/period/test_setops.py
[847/1421] idx=849 completed     0.3s load=13.55 tests/indexes/string/test_astype.py
[848/1421] idx=847 completed     0.6s load=13.55 tests/indexes/ranges/test_setops.py
[849/1421] idx=850 completed     0.4s load=13.55 tests/indexes/string/test_indexing.py
[850/1421] idx=851 completed     0.4s load=13.55 tests/indexes/test_any_index.py
[851/1421] idx=846 completed     0.9s load=13.55 tests/indexes/ranges/test_range.py
[852/1421] idx=854 completed     0.4s load=13.55 tests/indexes/test_datetimelike.py
[853/1421] idx=855 completed     0.5s load=13.55 tests/indexes/test_engines.py
[854/1421] idx=856 completed     0.4s load=13.55 tests/indexes/test_frozen.py
[855/1421] idx=853 completed     0.7s load=13.55 tests/indexes/test_common.py
[856/1421] idx=857 completed     0.6s load=13.55 tests/indexes/test_index_new.py
[857/1421] idx=863 completed     0.1s load=13.55 tests/indexes/timedeltas/__init__.py
[858/1421] idx=859 completed     0.4s load=13.55 tests/indexes/test_numpy_compat.py
[859/1421] idx=858 completed     0.5s load=13.55 tests/indexes/test_indexing.py
[860/1421] idx=864 completed     0.1s load=13.55 tests/indexes/timedeltas/methods/__init__.py
[861/1421] idx=862 completed     0.3s load=13.55 tests/indexes/test_subclass.py
[862/1421] idx=866 completed     0.3s load=13.55 tests/indexes/timedeltas/methods/test_factorize.py
[863/1421] idx=865 completed     0.4s load=13.55 tests/indexes/timedeltas/methods/test_astype.py
[864/1421] idx=867 completed     0.3s load=13.55 tests/indexes/timedeltas/methods/test_fillna.py
[865/1421] idx=852 completed     1.5s load=13.55 tests/indexes/test_base.py
[866/1421] idx=860 completed     0.9s load=13.75 tests/indexes/test_old_base.py
[867/1421] idx=869 completed     0.3s load=13.75 tests/indexes/timedeltas/methods/test_repeat.py
[868/1421] idx=868 completed     0.5s load=13.75 tests/indexes/timedeltas/methods/test_insert.py
[869/1421] idx=861 completed     1.0s load=13.75 tests/indexes/test_setops.py
[870/1421] idx=871 completed     0.3s load=13.75 tests/indexes/timedeltas/test_arithmetic.py
[871/1421] idx=870 completed     0.4s load=13.75 tests/indexes/timedeltas/methods/test_shift.py
[872/1421] idx=872 completed     0.4s load=13.75 tests/indexes/timedeltas/test_constructors.py
[873/1421] idx=873 completed     0.4s load=13.75 tests/indexes/timedeltas/test_delete.py
[874/1421] idx=875 completed     0.3s load=13.75 tests/indexes/timedeltas/test_freq_attr.py
[875/1421] idx=874 completed     0.4s load=13.75 tests/indexes/timedeltas/test_formats.py
[876/1421] idx=878 completed     0.3s load=13.75 tests/indexes/timedeltas/test_ops.py
[877/1421] idx=877 completed     0.4s load=13.75 tests/indexes/timedeltas/test_join.py
[878/1421] idx=879 completed     0.3s load=13.75 tests/indexes/timedeltas/test_pickle.py
[879/1421] idx=885 completed     0.1s load=13.75 tests/indexing/__init__.py
[880/1421] idx=880 completed     0.4s load=13.75 tests/indexes/timedeltas/test_scalar_compat.py
[881/1421] idx=881 completed     0.3s load=13.75 tests/indexes/timedeltas/test_searchsorted.py
[882/1421] idx=876 completed     0.7s load=13.75 tests/indexes/timedeltas/test_indexing.py
[883/1421] idx=883 completed     0.3s load=13.75 tests/indexes/timedeltas/test_timedelta.py
[884/1421] idx=887 completed     0.1s load=13.75 tests/indexing/interval/__init__.py
[885/1421] idx=882 completed     0.5s load=13.75 tests/indexes/timedeltas/test_setops.py
[886/1421] idx=884 completed     0.4s load=13.75 tests/indexes/timedeltas/test_timedelta_range.py
[887/1421] idx=890 completed     0.1s load=13.75 tests/indexing/multiindex/__init__.py
[888/1421] idx=886 completed     0.4s load=13.75 tests/indexing/common.py
[889/1421] idx=891 completed     0.3s load=13.75 tests/indexing/multiindex/test_chaining_and_caching.py
[890/1421] idx=892 completed     0.3s load=13.75 tests/indexing/multiindex/test_datetime.py
[891/1421] idx=889 completed     0.4s load=13.75 tests/indexing/interval/test_interval_new.py
[892/1421] idx=888 completed     0.5s load=13.75 tests/indexing/interval/test_interval.py
[893/1421] idx=894 completed     0.4s load=13.75 tests/indexing/multiindex/test_iloc.py
[894/1421] idx=893 completed     0.5s load=13.75 tests/indexing/multiindex/test_getitem.py
[895/1421] idx=895 completed     0.4s load=13.75 tests/indexing/multiindex/test_indexing_slow.py
[896/1421] idx=897 completed     0.5s load=13.75 tests/indexing/multiindex/test_multiindex.py
[897/1421] idx=898 completed     0.5s load=13.75 tests/indexing/multiindex/test_partial.py
[898/1421] idx=901 completed     0.5s load=13.75 tests/indexing/multiindex/test_sorted.py
[899/1421] idx=902 completed     0.5s load=13.75 tests/indexing/test_at.py
[900/1421] idx=899 completed     0.7s load=13.75 tests/indexing/multiindex/test_setitem.py
[901/1421] idx=905 completed     0.3s load=13.75 tests/indexing/test_check_indexer.py
[902/1421] idx=896 completed     1.0s load=13.75 tests/indexing/multiindex/test_loc.py
[903/1421] idx=900 completed     0.9s load=13.75 tests/indexing/multiindex/test_slice.py
[904/1421] idx=904 completed     0.6s load=13.75 tests/indexing/test_chaining_and_caching.py
[905/1421] idx=903 completed     0.8s load=13.75 tests/indexing/test_categorical.py
[906/1421] idx=907 completed     0.5s load=13.75 tests/indexing/test_datetime.py
[907/1421] idx=909 completed     0.3s load=13.75 tests/indexing/test_iat.py
[908/1421] idx=911 completed     0.3s load=13.75 tests/indexing/test_indexers.py
[909/1421] idx=906 completed     0.9s load=13.75 tests/indexing/test_coercion.py
[910/1421] idx=914 completed     0.4s load=13.75 tests/indexing/test_na_indexing.py
[911/1421] idx=908 completed     0.8s load=13.75 tests/indexing/test_floats.py
[912/1421] idx=917 completed     0.1s load=13.75 tests/interchange/__init__.py
[913/1421] idx=915 completed     0.7s load=13.75 tests/indexing/test_partial.py
[914/1421] idx=919 completed     0.5s load=13.75 tests/interchange/test_spec_conformance.py
[915/1421] idx=918 completed     0.6s load=13.75 tests/interchange/test_impl.py
[916/1421] idx=921 completed     0.1s load=13.75 tests/internals/__init__.py
[917/1421] idx=912 completed     1.2s load=13.75 tests/indexing/test_indexing.py
[918/1421] idx=916 completed     0.8s load=13.75 tests/indexing/test_scalar.py
[919/1421] idx=920 completed     0.3s load=13.75 tests/interchange/test_utils.py
[920/1421] idx=924 completed     0.1s load=13.75 tests/io/__init__.py
[921/1421] idx=926 completed     0.1s load=13.75 tests/io/excel/__init__.py
[922/1421] idx=910 completed     1.6s load=13.75 tests/indexing/test_iloc.py
[923/1421] idx=922 completed     0.4s load=13.75 tests/internals/test_api.py
[924/1421] idx=925 completed     0.4s load=13.75 tests/io/conftest.py
[925/1421] idx=927 completed     0.3s load=13.75 tests/io/excel/test_odf.py
[926/1421] idx=928 completed     0.3s load=13.75 tests/io/excel/test_odswriter.py
[927/1421] idx=929 completed     0.5s load=13.75 tests/io/excel/test_openpyxl.py
[928/1421] idx=933 completed     0.3s load=13.75 tests/io/excel/test_xlrd.py
[929/1421] idx=935 completed     0.1s load=13.75 tests/io/formats/__init__.py
[930/1421] idx=931 completed     0.5s load=13.75 tests/io/excel/test_style.py
[931/1421] idx=936 completed     0.1s load=13.75 tests/io/formats/style/__init__.py
[932/1421] idx=934 completed     0.4s load=13.75 tests/io/excel/test_xlsxwriter.py
[933/1421] idx=938 completed     0.3s load=13.93 tests/io/formats/style/test_exceptions.py
[934/1421] idx=937 completed     0.5s load=13.93 tests/io/formats/style/test_bar.py
[935/1421] idx=930 completed     1.3s load=13.93 tests/io/excel/test_readers.py
[936/1421] idx=923 completed     1.7s load=13.93 tests/internals/test_internals.py
[937/1421] idx=932 completed     1.3s load=13.93 tests/io/excel/test_writers.py
[938/1421] idx=940 completed     0.4s load=13.93 tests/io/formats/style/test_highlight.py
[939/1421] idx=939 completed     1.0s load=13.93 tests/io/formats/style/test_format.py
[940/1421] idx=943 completed     0.5s load=13.93 tests/io/formats/style/test_non_unique.py
[941/1421] idx=942 completed     0.5s load=13.93 tests/io/formats/style/test_matplotlib.py
[942/1421] idx=941 completed     0.8s load=13.93 tests/io/formats/style/test_html.py
[943/1421] idx=913 completed     3.4s load=13.93 tests/indexing/test_loc.py
[944/1421] idx=946 completed     0.3s load=13.93 tests/io/formats/style/test_to_string.py
[945/1421] idx=949 completed     0.3s load=13.93 tests/io/formats/test_console.py
[946/1421] idx=947 completed     0.3s load=13.93 tests/io/formats/style/test_to_typst.py
[947/1421] idx=945 completed     0.8s load=13.93 tests/io/formats/style/test_to_latex.py
[948/1421] idx=948 completed     0.5s load=13.93 tests/io/formats/style/test_tooltip.py
[949/1421] idx=950 completed     0.4s load=13.93 tests/io/formats/test_css.py
[950/1421] idx=953 completed     0.3s load=13.93 tests/io/formats/test_ipython_compat.py
[951/1421] idx=951 completed     0.5s load=13.93 tests/io/formats/test_eng_formatting.py
[952/1421] idx=954 completed     0.5s load=13.93 tests/io/formats/test_printing.py
[953/1421] idx=956 completed     0.4s load=13.93 tests/io/formats/test_to_excel.py
[954/1421] idx=959 completed     0.3s load=13.93 tests/io/formats/test_to_markdown.py
[955/1421] idx=955 completed     0.8s load=13.93 tests/io/formats/test_to_csv.py
[956/1421] idx=962 completed     0.1s load=13.93 tests/io/json/__init__.py
[957/1421] idx=944 completed     2.1s load=13.93 tests/io/formats/style/test_style.py
[958/1421] idx=961 completed     0.5s load=13.93 tests/io/generate_legacy_storage_files.py
[959/1421] idx=958 completed     0.9s load=13.93 tests/io/formats/test_to_latex.py
[960/1421] idx=957 completed     1.0s load=13.93 tests/io/formats/test_to_html.py
[961/1421] idx=963 completed     0.3s load=13.93 tests/io/json/conftest.py
[962/1421] idx=952 completed     1.4s load=13.93 tests/io/formats/test_format.py
[963/1421] idx=965 completed     0.3s load=13.93 tests/io/json/test_deprecated_kwargs.py
[964/1421] idx=964 completed     0.4s load=13.93 tests/io/json/test_compression.py
[965/1421] idx=960 completed     1.2s load=13.93 tests/io/formats/test_to_string.py
[966/1421] idx=967 completed     0.4s load=13.93 tests/io/json/test_json_table_schema_ext_dtype.py
[967/1421] idx=972 completed     0.1s load=13.93 tests/io/parser/__init__.py
[968/1421] idx=973 completed     0.1s load=13.93 tests/io/parser/common/__init__.py
[969/1421] idx=968 completed     0.8s load=13.93 tests/io/json/test_normalize.py
[970/1421] idx=966 completed     0.8s load=13.93 tests/io/json/test_json_table_schema.py
[971/1421] idx=970 completed     0.6s load=13.93 tests/io/json/test_readlines.py
[972/1421] idx=974 completed     0.4s load=13.93 tests/io/parser/common/test_chunksize.py
[973/1421] idx=976 completed     0.3s load=13.93 tests/io/parser/common/test_data_list.py
[974/1421] idx=977 completed     0.3s load=13.93 tests/io/parser/common/test_decimal.py
[975/1421] idx=975 completed     0.6s load=13.93 tests/io/parser/common/test_common_basic.py
[976/1421] idx=979 completed     0.4s load=13.93 tests/io/parser/common/test_float.py
[977/1421] idx=981 completed     0.3s load=13.93 tests/io/parser/common/test_inf.py
[978/1421] idx=978 completed     0.5s load=13.93 tests/io/parser/common/test_file_buffer_url.py
[979/1421] idx=971 completed     1.1s load=13.93 tests/io/json/test_ujson.py
[980/1421] idx=980 completed     0.4s load=13.93 tests/io/parser/common/test_index.py
[981/1421] idx=982 completed     0.3s load=13.93 tests/io/parser/common/test_ints.py
[982/1421] idx=986 completed     0.1s load=13.93 tests/io/parser/dtypes/__init__.py
[983/1421] idx=983 completed     0.3s load=13.93 tests/io/parser/common/test_iterator.py
[984/1421] idx=984 completed     0.4s load=13.93 tests/io/parser/common/test_read_errors.py
[985/1421] idx=985 completed     0.5s load=13.93 tests/io/parser/conftest.py
[986/1421] idx=989 completed     0.4s load=13.93 tests/io/parser/dtypes/test_empty.py
[987/1421] idx=987 completed     0.5s load=13.93 tests/io/parser/dtypes/test_categorical.py
[988/1421] idx=988 completed     0.6s load=13.93 tests/io/parser/dtypes/test_dtypes_basic.py
[989/1421] idx=969 completed     2.1s load=13.93 tests/io/json/test_pandas.py
[990/1421] idx=991 completed     0.4s load=13.93 tests/io/parser/test_comment.py
[991/1421] idx=993 completed     0.3s load=13.93 tests/io/parser/test_concatenate_chunks.py
[992/1421] idx=992 completed     0.4s load=13.93 tests/io/parser/test_compression.py
[993/1421] idx=990 completed     0.7s load=13.93 tests/io/parser/test_c_parser_only.py
[994/1421] idx=994 completed     0.5s load=14.41 tests/io/parser/test_converters.py
[995/1421] idx=995 completed     0.4s load=14.41 tests/io/parser/test_dialect.py
[996/1421] idx=996 completed     0.4s load=14.41 tests/io/parser/test_encoding.py
[997/1421] idx=999 completed     0.4s load=14.41 tests/io/parser/test_mangle_dupes.py
[998/1421] idx=998 completed     0.5s load=14.41 tests/io/parser/test_index_col.py
[999/1421] idx=1000 completed     0.4s load=14.41 tests/io/parser/test_multi_thread.py
[1000/1421] idx=997 completed     0.6s load=14.41 tests/io/parser/test_header.py
[1001/1421] idx=1002 completed     0.4s load=14.41 tests/io/parser/test_network.py
[1002/1421] idx=1005 completed     0.4s load=14.41 tests/io/parser/test_quoting.py
[1003/1421] idx=1001 completed     0.7s load=14.41 tests/io/parser/test_na_values.py
[1004/1421] idx=1003 completed     0.6s load=14.41 tests/io/parser/test_parse_dates.py
[1005/1421] idx=1007 completed     0.5s load=14.41 tests/io/parser/test_skiprows.py
[1006/1421] idx=1011 completed     0.1s load=14.41 tests/io/parser/usecols/__init__.py
[1007/1421] idx=1004 completed     0.7s load=14.41 tests/io/parser/test_python_parser_only.py
[1008/1421] idx=1008 completed     0.5s load=14.41 tests/io/parser/test_textreader.py
[1009/1421] idx=1006 completed     0.7s load=14.41 tests/io/parser/test_read_fwf.py
[1010/1421] idx=1009 completed     0.4s load=14.41 tests/io/parser/test_unsupported.py
[1011/1421] idx=1010 completed     0.4s load=14.41 tests/io/parser/test_upcast.py
[1012/1421] idx=1012 completed     0.3s load=14.41 tests/io/parser/usecols/test_parse_dates.py
[1013/1421] idx=1015 completed     0.1s load=14.41 tests/io/pytables/__init__.py
[1014/1421] idx=1016 completed     0.1s load=14.41 tests/io/pytables/common.py
[1015/1421] idx=1013 completed     0.3s load=14.41 tests/io/parser/usecols/test_strings.py
[1016/1421] idx=1017 completed     0.3s load=14.41 tests/io/pytables/conftest.py
[1017/1421] idx=1014 completed     0.6s load=14.41 tests/io/parser/usecols/test_usecols_basic.py
[1018/1421] idx=1019 completed     0.4s load=14.41 tests/io/pytables/test_categorical.py
[1019/1421] idx=1020 completed     0.4s load=14.41 tests/io/pytables/test_compat.py
[1020/1421] idx=1021 completed     0.4s load=14.41 tests/io/pytables/test_complex.py
[1021/1421] idx=1022 completed     0.5s load=14.41 tests/io/pytables/test_errors.py
[1022/1421] idx=1026 completed     0.3s load=14.41 tests/io/pytables/test_pytables_missing.py
[1023/1421] idx=1024 completed     0.4s load=14.41 tests/io/pytables/test_keys.py
[1024/1421] idx=1027 completed     0.4s load=14.41 tests/io/pytables/test_read.py
[1025/1421] idx=1028 completed     0.4s load=14.41 tests/io/pytables/test_retain_attributes.py
[1026/1421] idx=1023 completed     0.7s load=14.41 tests/io/pytables/test_file_handling.py
[1027/1421] idx=1025 completed     0.6s load=14.41 tests/io/pytables/test_put.py
[1028/1421] idx=1018 completed     1.1s load=14.41 tests/io/pytables/test_append.py
[1029/1421] idx=1035 completed     0.1s load=14.41 tests/io/sas/__init__.py
[1030/1421] idx=1032 completed     0.3s load=14.41 tests/io/pytables/test_subclass.py
[1031/1421] idx=1033 completed     0.4s load=14.41 tests/io/pytables/test_time_series.py
[1032/1421] idx=1029 completed     0.7s load=14.41 tests/io/pytables/test_round_trip.py
[1033/1421] idx=1036 completed     0.3s load=14.41 tests/io/sas/test_byteswap.py
[1034/1421] idx=1037 completed     0.3s load=14.41 tests/io/sas/test_sas.py
[1035/1421] idx=1034 completed     0.6s load=14.41 tests/io/pytables/test_timezones.py
[1036/1421] idx=1039 completed     0.4s load=14.41 tests/io/sas/test_xport.py
[1037/1421] idx=1038 completed     0.6s load=14.41 tests/io/sas/test_sas7bdat.py
[1038/1421] idx=1040 completed     0.5s load=14.41 tests/io/test_clipboard.py
[1039/1421] idx=1031 completed     1.1s load=14.41 tests/io/pytables/test_store.py
[1040/1421] idx=1042 completed     0.5s load=14.41 tests/io/test_compression.py
[1041/1421] idx=1030 completed     1.4s load=14.41 tests/io/pytables/test_select.py
[1042/1421] idx=1041 completed     0.7s load=14.41 tests/io/test_common.py
[1043/1421] idx=1043 completed     0.5s load=14.41 tests/io/test_feather.py
[1044/1421] idx=1047 completed     0.4s load=14.41 tests/io/test_http_headers.py
[1045/1421] idx=1044 completed     0.5s load=14.41 tests/io/test_fsspec.py
[1046/1421] idx=1045 completed     0.6s load=14.41 tests/io/test_gcs.py
[1047/1421] idx=1048 completed     0.4s load=14.41 tests/io/test_iceberg.py
[1048/1421] idx=1049 completed     0.5s load=14.41 tests/io/test_orc.py
[1049/1421] idx=1052 completed     0.3s load=14.41 tests/io/test_s3.py
[1050/1421] idx=1053 completed     0.4s load=14.41 tests/io/test_spss.py
[1051/1421] idx=1057 completed     0.1s load=14.41 tests/io/xml/__init__.py
[1052/1421] idx=1056 completed     0.3s load=14.41 tests/io/test_util.py
[1053/1421] idx=1046 completed     1.2s load=14.41 tests/io/test_html.py
[1054/1421] idx=1058 completed     0.3s load=14.41 tests/io/xml/conftest.py
[1055/1421] idx=1051 completed     1.2s load=14.41 tests/io/test_pickle.py
[1056/1421] idx=1050 completed     1.3s load=14.41 tests/io/test_parquet.py
[1057/1421] idx=1059 completed     0.6s load=14.41 tests/io/xml/test_to_xml.py
[1058/1421] idx=1062 completed     0.1s load=14.41 tests/libs/__init__.py
[1059/1421] idx=1061 completed     0.5s load=14.41 tests/io/xml/test_xml_dtypes.py
[1060/1421] idx=1060 completed     0.8s load=14.54 tests/io/xml/test_xml.py
[1061/1421] idx=1067 completed     0.1s load=14.54 tests/plotting/__init__.py
[1062/1421] idx=1064 completed     0.5s load=14.54 tests/libs/test_join.py
[1063/1421] idx=1066 completed     0.4s load=14.54 tests/libs/test_libalgos.py
[1064/1421] idx=1065 completed     0.6s load=14.54 tests/libs/test_lib.py
[1065/1421] idx=1070 completed     0.1s load=14.54 tests/plotting/frame/__init__.py
[1066/1421] idx=1069 completed     0.3s load=14.54 tests/plotting/conftest.py
[1067/1421] idx=1073 completed     0.3s load=14.54 tests/plotting/frame/test_frame_groupby.py
[1068/1421] idx=1068 completed     0.8s load=14.54 tests/plotting/common.py
[1069/1421] idx=1063 completed     1.3s load=14.54 tests/libs/test_hashtable.py
[1070/1421] idx=1074 completed     0.5s load=14.54 tests/plotting/frame/test_frame_legend.py
[1071/1421] idx=1072 completed     1.1s load=14.54 tests/plotting/frame/test_frame_color.py
[1072/1421] idx=1076 completed     0.5s load=14.54 tests/plotting/frame/test_hist_box_by.py
[1073/1421] idx=1054 completed     2.9s load=14.54 tests/io/test_sql.py
[1074/1421] idx=1077 completed     0.3s load=14.54 tests/plotting/test_backend.py
[1075/1421] idx=1075 completed     0.9s load=14.54 tests/plotting/frame/test_frame_subplots.py
[1076/1421] idx=1079 completed     0.4s load=14.54 tests/plotting/test_common.py
[1077/1421] idx=1080 completed     0.6s load=14.54 tests/plotting/test_converter.py
[1078/1421] idx=1078 completed     0.8s load=14.54 tests/plotting/test_boxplot_method.py
[1079/1421] idx=1082 completed     0.5s load=14.54 tests/plotting/test_groupby.py
[1080/1421] idx=1086 completed     0.3s load=14.54 tests/plotting/test_style.py
[1081/1421] idx=1087 completed     0.1s load=14.54 tests/reductions/__init__.py
[1082/1421] idx=1083 completed     1.0s load=14.54 tests/plotting/test_hist_method.py
[1083/1421] idx=1084 completed     0.9s load=14.54 tests/plotting/test_misc.py
[1084/1421] idx=1090 completed     0.1s load=14.54 tests/resample/__init__.py
[1085/1421] idx=1055 completed     4.5s load=14.54 tests/io/test_stata.py
[1086/1421] idx=1071 completed     3.1s load=14.54 tests/plotting/frame/test_frame.py
[1087/1421] idx=1085 completed     1.2s load=14.54 tests/plotting/test_series.py
[1088/1421] idx=1091 completed     0.3s load=14.54 tests/resample/conftest.py
[1089/1421] idx=1089 completed     0.8s load=14.54 tests/reductions/test_stat_reductions.py
[1090/1421] idx=1092 completed     0.6s load=14.54 tests/resample/test_base.py
[1091/1421] idx=1081 completed     2.4s load=14.54 tests/plotting/test_datetimelike.py
[1092/1421] idx=1088 completed     1.5s load=14.54 tests/reductions/test_reductions.py
[1093/1421] idx=1096 completed     0.7s load=14.54 tests/resample/test_resampler_grouper.py
[1094/1421] idx=1099 completed     0.1s load=14.54 tests/reshape/__init__.py
[1095/1421] idx=1095 completed     0.9s load=14.54 tests/resample/test_resample_api.py
[1096/1421] idx=1100 completed     0.1s load=14.54 tests/reshape/concat/__init__.py
[1097/1421] idx=1097 completed     0.6s load=14.54 tests/resample/test_time_grouper.py
[1098/1421] idx=1094 completed     1.1s load=14.54 tests/resample/test_period_index.py
[1099/1421] idx=1098 completed     0.5s load=14.54 tests/resample/test_timedelta.py
[1100/1421] idx=1101 completed     0.6s load=14.66 tests/reshape/concat/test_append.py
[1101/1421] idx=1103 completed     0.5s load=14.66 tests/reshape/concat/test_categorical.py
[1102/1421] idx=1105 completed     0.5s load=14.66 tests/reshape/concat/test_dataframe.py
[1103/1421] idx=1102 completed     0.9s load=14.66 tests/reshape/concat/test_append_common.py
[1104/1421] idx=1109 completed     0.3s load=14.66 tests/reshape/concat/test_invalid.py
[1105/1421] idx=1106 completed     0.8s load=14.66 tests/reshape/concat/test_datetimes.py
[1106/1421] idx=1112 completed     0.1s load=14.66 tests/reshape/merge/__init__.py
[1107/1421] idx=1107 completed     0.5s load=14.66 tests/reshape/concat/test_empty.py
[1108/1421] idx=1108 completed     0.7s load=14.66 tests/reshape/concat/test_index.py
[1109/1421] idx=1111 completed     0.4s load=14.66 tests/reshape/concat/test_sort.py
[1110/1421] idx=1104 completed     1.2s load=14.66 tests/reshape/concat/test_concat.py
[1111/1421] idx=1110 completed     0.5s load=14.66 tests/reshape/concat/test_series.py
[1112/1421] idx=1093 completed     2.5s load=14.66 tests/resample/test_datetime_index.py
[1113/1421] idx=1117 completed     0.3s load=14.66 tests/reshape/merge/test_merge_cross.py
[1114/1421] idx=1115 completed     0.5s load=14.66 tests/reshape/merge/test_merge_antijoin.py
[1115/1421] idx=1118 completed     0.4s load=14.66 tests/reshape/merge/test_merge_index_as_string.py
[1116/1421] idx=1119 completed     0.4s load=14.66 tests/reshape/merge/test_merge_ordered.py
[1117/1421] idx=1113 completed     1.3s load=14.66 tests/reshape/merge/test_join.py
[1118/1421] idx=1123 completed     0.5s load=14.66 tests/reshape/test_from_dummies.py
[1119/1421] idx=1122 completed     0.7s load=14.66 tests/reshape/test_cut.py
[1120/1421] idx=1120 completed     1.0s load=14.66 tests/reshape/merge/test_multi.py
[1121/1421] idx=1116 completed     1.4s load=14.66 tests/reshape/merge/test_merge_asof.py
[1122/1421] idx=1121 completed     1.0s load=14.66 tests/reshape/test_crosstab.py
[1123/1421] idx=1127 completed     0.4s load=14.66 tests/reshape/test_pivot_multilevel.py
[1124/1421] idx=1130 completed     0.1s load=14.66 tests/scalar/__init__.py
[1125/1421] idx=1128 completed     0.5s load=14.66 tests/reshape/test_qcut.py
[1126/1421] idx=1131 completed     0.1s load=14.66 tests/scalar/interval/__init__.py
[1127/1421] idx=1129 completed     0.5s load=14.66 tests/reshape/test_union_categoricals.py
[1128/1421] idx=1124 completed     1.0s load=14.66 tests/reshape/test_get_dummies.py
[1129/1421] idx=1125 completed     1.0s load=14.66 tests/reshape/test_melt.py
[1130/1421] idx=1132 completed     0.3s load=14.66 tests/scalar/interval/test_arithmetic.py
[1131/1421] idx=1133 completed     0.3s load=14.66 tests/scalar/interval/test_constructors.py
[1132/1421] idx=1134 completed     0.3s load=14.66 tests/scalar/interval/test_contains.py
[1133/1421] idx=1138 completed     0.1s load=14.66 tests/scalar/period/__init__.py
[1134/1421] idx=1135 completed     0.3s load=14.66 tests/scalar/interval/test_formats.py
[1135/1421] idx=1136 completed     0.3s load=14.66 tests/scalar/interval/test_interval.py
[1136/1421] idx=1137 completed     0.4s load=14.66 tests/scalar/interval/test_overlaps.py
[1137/1421] idx=1142 completed     0.5s load=14.66 tests/scalar/test_na_scalar.py
[1138/1421] idx=1144 completed     0.1s load=14.66 tests/scalar/timedelta/__init__.py
[1139/1421] idx=1143 completed     0.5s load=14.66 tests/scalar/test_nat.py
[1140/1421] idx=1145 completed     0.1s load=14.66 tests/scalar/timedelta/methods/__init__.py
[1141/1421] idx=1139 completed     0.8s load=14.66 tests/scalar/period/test_arithmetic.py
[1142/1421] idx=1140 completed     0.9s load=14.66 tests/scalar/period/test_asfreq.py
[1143/1421] idx=1146 completed     0.3s load=14.66 tests/scalar/timedelta/methods/test_as_unit.py
[1144/1421] idx=1147 completed     0.4s load=14.66 tests/scalar/timedelta/methods/test_round.py
[1145/1421] idx=1126 completed     2.4s load=14.66 tests/reshape/test_pivot.py
[1146/1421] idx=1152 completed     0.1s load=14.66 tests/scalar/timestamp/__init__.py
[1147/1421] idx=1153 completed     0.1s load=14.66 tests/scalar/timestamp/methods/__init__.py
[1148/1421] idx=1141 completed     1.5s load=14.66 tests/scalar/period/test_period.py
[1149/1421] idx=1150 completed     0.4s load=14.66 tests/scalar/timedelta/test_formats.py
[1150/1421] idx=1114 completed     4.1s load=14.66 tests/reshape/merge/test_merge.py
[1151/1421] idx=1149 completed     0.6s load=14.66 tests/scalar/timedelta/test_constructors.py
[1152/1421] idx=1155 completed     0.3s load=14.66 tests/scalar/timestamp/methods/test_normalize.py
[1153/1421] idx=1154 completed     0.3s load=14.66 tests/scalar/timestamp/methods/test_as_unit.py
[1154/1421] idx=1158 completed     0.3s load=14.66 tests/scalar/timestamp/methods/test_timestamp_method.py
[1155/1421] idx=1156 completed     0.4s load=14.77 tests/scalar/timestamp/methods/test_replace.py
[1156/1421] idx=1151 completed     0.8s load=14.77 tests/scalar/timedelta/test_timedelta.py
[1157/1421] idx=1157 completed     0.5s load=14.77 tests/scalar/timestamp/methods/test_round.py
[1158/1421] idx=1148 completed     1.2s load=14.77 tests/scalar/timedelta/test_arithmetic.py
[1159/1421] idx=1159 completed     0.3s load=14.77 tests/scalar/timestamp/methods/test_to_julian_date.py
[1160/1421] idx=1160 completed     0.3s load=14.77 tests/scalar/timestamp/methods/test_to_pydatetime.py
[1161/1421] idx=1161 completed     0.3s load=14.77 tests/scalar/timestamp/methods/test_tz_convert.py
[1162/1421] idx=1162 completed     0.5s load=14.77 tests/scalar/timestamp/methods/test_tz_localize.py
[1163/1421] idx=1168 completed     0.3s load=14.77 tests/scalar/timestamp/test_timezones.py
[1164/1421] idx=1163 completed     0.5s load=14.77 tests/scalar/timestamp/test_arithmetic.py
[1165/1421] idx=1169 completed     0.1s load=14.77 tests/series/__init__.py
[1166/1421] idx=1166 completed     0.4s load=14.77 tests/scalar/timestamp/test_formats.py
[1167/1421] idx=1170 completed     0.1s load=14.77 tests/series/accessors/__init__.py
[1168/1421] idx=1164 completed     0.6s load=14.77 tests/scalar/timestamp/test_comparisons.py
[1169/1421] idx=1173 completed     0.4s load=14.77 tests/series/accessors/test_list_accessor.py
[1170/1421] idx=1174 completed     0.3s load=14.77 tests/series/accessors/test_sparse_accessor.py
[1171/1421] idx=1175 completed     0.3s load=14.77 tests/series/accessors/test_str_accessor.py
[1172/1421] idx=1171 completed     0.5s load=14.77 tests/series/accessors/test_cat_accessor.py
[1173/1421] idx=1177 completed     0.1s load=14.77 tests/series/indexing/__init__.py
[1174/1421] idx=1167 completed     1.0s load=14.77 tests/scalar/timestamp/test_timestamp.py
[1175/1421] idx=1176 completed     0.4s load=14.77 tests/series/accessors/test_struct_accessor.py
[1176/1421] idx=1179 completed     0.4s load=14.77 tests/series/indexing/test_delitem.py
[1177/1421] idx=1180 completed     0.5s load=14.77 tests/series/indexing/test_get.py
[1178/1421] idx=1172 completed     0.9s load=14.77 tests/series/accessors/test_dt_accessor.py
[1179/1421] idx=1178 completed     0.7s load=14.77 tests/series/indexing/test_datetime.py
[1180/1421] idx=1183 completed     0.3s load=14.77 tests/series/indexing/test_mask.py
[1181/1421] idx=1184 completed     0.3s load=14.77 tests/series/indexing/test_set_value.py
[1182/1421] idx=1182 completed     0.6s load=14.77 tests/series/indexing/test_indexing.py
[1183/1421] idx=1181 completed     0.7s load=14.77 tests/series/indexing/test_getitem.py
[1184/1421] idx=1189 completed     0.1s load=14.77 tests/series/methods/__init__.py
[1185/1421] idx=1186 completed     0.3s load=14.77 tests/series/indexing/test_take.py
[1186/1421] idx=1188 completed     0.4s load=14.77 tests/series/indexing/test_xs.py
[1187/1421] idx=1190 completed     0.3s load=14.77 tests/series/methods/test_add_prefix_suffix.py
[1188/1421] idx=1187 completed     0.6s load=14.77 tests/series/indexing/test_where.py
[1189/1421] idx=1192 completed     0.4s load=14.77 tests/series/methods/test_argsort.py
[1190/1421] idx=1191 completed     0.4s load=14.77 tests/series/methods/test_align.py
[1191/1421] idx=1195 completed     0.3s load=14.77 tests/series/methods/test_autocorr.py
[1192/1421] idx=1196 completed     0.4s load=14.77 tests/series/methods/test_between.py
[1193/1421] idx=1197 completed     0.4s load=14.77 tests/series/methods/test_case_when.py
[1194/1421] idx=1193 completed     0.7s load=14.77 tests/series/methods/test_asof.py
[1195/1421] idx=1185 completed     1.4s load=14.77 tests/series/indexing/test_setitem.py
[1196/1421] idx=1194 completed     0.8s load=14.77 tests/series/methods/test_astype.py
[1197/1421] idx=1199 completed     0.3s load=14.77 tests/series/methods/test_combine.py
[1198/1421] idx=1198 completed     0.5s load=14.77 tests/series/methods/test_clip.py
[1199/1421] idx=1200 completed     0.5s load=14.77 tests/series/methods/test_combine_first.py
[1200/1421] idx=1202 completed     0.4s load=14.77 tests/series/methods/test_convert_dtypes.py
[1201/1421] idx=1201 completed     0.4s load=14.77 tests/series/methods/test_compare.py
[1202/1421] idx=1204 completed     0.3s load=14.77 tests/series/methods/test_count.py
[1203/1421] idx=1203 completed     0.4s load=14.77 tests/series/methods/test_copy.py
[1204/1421] idx=1165 completed     3.4s load=14.77 tests/scalar/timestamp/test_constructors.py
[1205/1421] idx=1205 completed     0.4s load=14.77 tests/series/methods/test_cov_corr.py
[1206/1421] idx=1207 completed     0.4s load=14.77 tests/series/methods/test_diff.py
[1207/1421] idx=1206 completed     0.4s load=14.77 tests/series/methods/test_describe.py
[1208/1421] idx=1208 completed     0.4s load=14.77 tests/series/methods/test_drop.py
[1209/1421] idx=1211 completed     0.3s load=14.77 tests/series/methods/test_dtypes.py
[1210/1421] idx=1210 completed     0.4s load=14.77 tests/series/methods/test_dropna.py
[1211/1421] idx=1212 completed     0.3s load=14.77 tests/series/methods/test_duplicated.py
[1212/1421] idx=1209 completed     0.5s load=14.77 tests/series/methods/test_drop_duplicates.py
[1213/1421] idx=1213 completed     0.4s load=14.77 tests/series/methods/test_equals.py
[1214/1421] idx=1216 completed     0.3s load=14.77 tests/series/methods/test_get_numeric_data.py
[1215/1421] idx=1217 completed     0.3s load=14.77 tests/series/methods/test_head_tail.py
[1216/1421] idx=1214 completed     0.4s load=14.77 tests/series/methods/test_explode.py
[1217/1421] idx=1218 completed     0.3s load=14.77 tests/series/methods/test_infer_objects.py
[1218/1421] idx=1219 completed     0.5s load=14.77 tests/series/methods/test_info.py
[1219/1421] idx=1221 completed     0.3s load=14.77 tests/series/methods/test_is_monotonic.py
[1220/1421] idx=1222 completed     0.3s load=14.77 tests/series/methods/test_is_unique.py
[1221/1421] idx=1224 completed     0.3s load=14.77 tests/series/methods/test_isna.py
[1222/1421] idx=1215 completed     0.9s load=14.77 tests/series/methods/test_fillna.py
[1223/1421] idx=1225 completed     0.3s load=14.77 tests/series/methods/test_item.py
[1224/1421] idx=1227 completed     0.3s load=14.77 tests/series/methods/test_matmul.py
[1225/1421] idx=1220 completed     0.8s load=14.77 tests/series/methods/test_interpolate.py
[1226/1421] idx=1223 completed     0.8s load=14.77 tests/series/methods/test_isin.py
[1227/1421] idx=1228 completed     0.4s load=14.77 tests/series/methods/test_nlargest.py
[1228/1421] idx=1229 completed     0.3s load=14.87 tests/series/methods/test_nunique.py
[1229/1421] idx=1230 completed     0.4s load=14.87 tests/series/methods/test_pct_change.py
[1230/1421] idx=1231 completed     0.3s load=14.87 tests/series/methods/test_pop.py
[1231/1421] idx=1226 completed     0.8s load=14.87 tests/series/methods/test_map.py
[1232/1421] idx=1235 completed     0.3s load=14.87 tests/series/methods/test_reindex_like.py
[1233/1421] idx=1232 completed     0.5s load=14.87 tests/series/methods/test_quantile.py
[1234/1421] idx=1237 completed     0.3s load=14.87 tests/series/methods/test_rename_axis.py
[1235/1421] idx=1238 completed     0.3s load=14.87 tests/series/methods/test_repeat.py
[1236/1421] idx=1234 completed     0.6s load=14.87 tests/series/methods/test_reindex.py
[1237/1421] idx=1236 completed     0.6s load=14.87 tests/series/methods/test_rename.py
[1238/1421] idx=1233 completed     0.8s load=14.87 tests/series/methods/test_rank.py
[1239/1421] idx=1241 completed     0.4s load=14.87 tests/series/methods/test_round.py
[1240/1421] idx=1242 completed     0.4s load=14.87 tests/series/methods/test_searchsorted.py
[1241/1421] idx=1240 completed     0.5s load=14.87 tests/series/methods/test_reset_index.py
[1242/1421] idx=1243 completed     0.4s load=14.87 tests/series/methods/test_set_name.py
[1243/1421] idx=1244 completed     0.3s load=14.87 tests/series/methods/test_size.py
[1244/1421] idx=1239 completed     0.9s load=14.87 tests/series/methods/test_replace.py
[1245/1421] idx=1245 completed     0.5s load=14.87 tests/series/methods/test_sort_index.py
[1246/1421] idx=1248 completed     0.3s load=14.87 tests/series/methods/test_to_dict.py
[1247/1421] idx=1247 completed     0.4s load=14.87 tests/series/methods/test_to_csv.py
[1248/1421] idx=1246 completed     0.5s load=14.87 tests/series/methods/test_sort_values.py
[1249/1421] idx=177 completed    88.2s load=14.87 core/resample.py
[1250/1421] idx=1249 completed     0.4s load=14.87 tests/series/methods/test_to_frame.py
[1251/1421] idx=1250 completed     0.3s load=14.87 tests/series/methods/test_to_numpy.py
[1252/1421] idx=1251 completed     0.3s load=14.87 tests/series/methods/test_tolist.py
[1253/1421] idx=1252 completed     0.3s load=14.87 tests/series/methods/test_truncate.py
[1254/1421] idx=1253 completed     0.3s load=14.87 tests/series/methods/test_tz_localize.py
[1255/1421] idx=1258 completed     0.3s load=14.87 tests/series/methods/test_values.py
[1256/1421] idx=1254 completed     0.4s load=14.87 tests/series/methods/test_unique.py
[1257/1421] idx=1256 completed     0.3s load=14.87 tests/series/methods/test_update.py
[1258/1421] idx=1255 completed     0.4s load=14.87 tests/series/methods/test_unstack.py
[1259/1421] idx=1257 completed     0.5s load=14.87 tests/series/methods/test_value_counts.py
[1260/1421] idx=1261 completed     0.3s load=14.87 tests/series/test_arrow_interface.py
[1261/1421] idx=1259 completed     0.5s load=14.87 tests/series/test_api.py
[1262/1421] idx=1265 completed     0.3s load=14.87 tests/series/test_iteration.py
[1263/1421] idx=1263 completed     0.4s load=14.87 tests/series/test_cumulative.py
[1264/1421] idx=1264 completed     0.5s load=14.87 tests/series/test_formats.py
[1265/1421] idx=1268 completed     0.3s load=14.87 tests/series/test_npfuncs.py
[1266/1421] idx=1267 completed     0.4s load=14.87 tests/series/test_missing.py
[1267/1421] idx=1270 completed     0.4s load=14.87 tests/series/test_subclass.py
[1268/1421] idx=1269 completed     0.4s load=14.87 tests/series/test_reductions.py
[1269/1421] idx=1266 completed     0.7s load=14.87 tests/series/test_logical_ops.py
[1270/1421] idx=1273 completed     0.3s load=14.87 tests/series/test_validate.py
[1271/1421] idx=1272 completed     0.4s load=14.87 tests/series/test_unary.py
[1272/1421] idx=1260 completed     1.1s load=14.87 tests/series/test_arithmetic.py
[1273/1421] idx=1274 completed     0.3s load=14.87 tests/strings/__init__.py
[1274/1421] idx=1275 completed     0.3s load=14.87 tests/strings/conftest.py
[1275/1421] idx=1271 completed     0.6s load=14.87 tests/series/test_ufunc.py
[1276/1421] idx=1276 completed     0.3s load=14.87 tests/strings/test_api.py
[1277/1421] idx=1277 completed     0.5s load=14.87 tests/strings/test_case_justify.py
[1278/1421] idx=1281 completed     0.3s load=14.87 tests/strings/test_get_dummies.py
[1279/1421] idx=1278 completed     0.5s load=14.87 tests/strings/test_cat.py
[1280/1421] idx=1283 completed     0.4s load=14.87 tests/strings/test_string_array.py
[1281/1421] idx=1285 completed     0.4s load=14.87 tests/test_aggregation.py
[1282/1421] idx=1282 completed     0.7s load=14.87 tests/strings/test_split_partition.py
[1283/1421] idx=1279 completed     0.9s load=14.87 tests/strings/test_extract.py
[1284/1421] idx=1287 completed     0.5s load=14.87 tests/test_col.py
[1285/1421] idx=1290 completed     0.3s load=14.87 tests/test_errors.py
[1286/1421] idx=1288 completed     0.5s load=14.87 tests/test_common.py
[1287/1421] idx=1284 completed     0.9s load=14.87 tests/strings/test_strings.py
[1288/1421] idx=1289 completed     0.4s load=14.87 tests/test_downstream.py
[1289/1421] idx=1262 completed     2.5s load=14.87 tests/series/test_constructors.py
[1290/1421] idx=1280 completed     1.4s load=14.87 tests/strings/test_find_replace.py
[1291/1421] idx=1292 completed     0.3s load=14.87 tests/test_flags.py
[1292/1421] idx=1291 completed     0.5s load=14.87 tests/test_expressions.py
[1293/1421] idx=1295 completed     0.3s load=14.87 tests/test_optional_dependency.py
[1294/1421] idx=1299 completed     0.1s load=14.87 tests/tools/__init__.py
[1295/1421] idx=1293 completed     0.5s load=14.87 tests/test_multilevel.py
[1296/1421] idx=1296 completed     0.3s load=14.87 tests/test_register_accessor.py
[1297/1421] idx=1298 completed     0.5s load=14.87 tests/test_take.py
[1298/1421] idx=1302 completed     0.3s load=14.87 tests/tools/test_to_time.py
[1299/1421] idx=1297 completed     0.7s load=14.87 tests/test_sorting.py
[1300/1421] idx=1304 completed     0.1s load=14.87 tests/tseries/__init__.py
[1301/1421] idx=1305 completed     0.1s load=14.87 tests/tseries/frequencies/__init__.py
[1302/1421] idx=1303 completed     0.5s load=14.87 tests/tools/test_to_timedelta.py
[1303/1421] idx=1301 completed     0.6s load=14.96 tests/tools/test_to_numeric.py
[1304/1421] idx=1309 completed     0.1s load=14.96 tests/tseries/holiday/__init__.py
[1305/1421] idx=1306 completed     0.3s load=14.96 tests/tseries/frequencies/test_freq_code.py
[1306/1421] idx=1294 completed     1.2s load=14.96 tests/test_nanops.py
[1307/1421] idx=1307 completed     0.3s load=14.96 tests/tseries/frequencies/test_frequencies.py
[1308/1421] idx=1314 completed     0.1s load=14.96 tests/tseries/offsets/__init__.py
[1309/1421] idx=1308 completed     0.5s load=14.96 tests/tseries/frequencies/test_inference.py
[1310/1421] idx=1311 completed     0.3s load=14.96 tests/tseries/holiday/test_federal.py
[1311/1421] idx=1310 completed     0.3s load=14.96 tests/tseries/holiday/test_calendar.py
[1312/1421] idx=1313 completed     0.3s load=14.96 tests/tseries/holiday/test_observance.py
[1313/1421] idx=1312 completed     0.4s load=14.96 tests/tseries/holiday/test_holiday.py
[1314/1421] idx=1315 completed     0.3s load=14.96 tests/tseries/offsets/common.py
[1315/1421] idx=1316 completed     0.4s load=14.96 tests/tseries/offsets/test_business_day.py
[1316/1421] idx=1317 completed     0.5s load=14.96 tests/tseries/offsets/test_business_halfyear.py
[1317/1421] idx=1319 completed     0.4s load=14.96 tests/tseries/offsets/test_business_month.py
[1318/1421] idx=1286 completed     2.8s load=14.96 tests/test_algos.py
[1319/1421] idx=1320 completed     0.4s load=14.96 tests/tseries/offsets/test_business_quarter.py
[1320/1421] idx=1321 completed     0.4s load=14.96 tests/tseries/offsets/test_business_year.py
[1321/1421] idx=1318 completed     0.7s load=14.96 tests/tseries/offsets/test_business_hour.py
[1322/1421] idx=1322 completed     0.4s load=14.96 tests/tseries/offsets/test_common.py
[1323/1421] idx=1323 completed     0.4s load=14.96 tests/tseries/offsets/test_custom_business_day.py
[1324/1421] idx=1327 completed     0.3s load=14.96 tests/tseries/offsets/test_easter.py
[1325/1421] idx=1324 completed     0.5s load=14.96 tests/tseries/offsets/test_custom_business_hour.py
[1326/1421] idx=1326 completed     0.4s load=14.96 tests/tseries/offsets/test_dst.py
[1327/1421] idx=1325 completed     0.5s load=14.96 tests/tseries/offsets/test_custom_business_month.py
[1328/1421] idx=1329 completed     0.3s load=14.96 tests/tseries/offsets/test_halfyear.py
[1329/1421] idx=1330 completed     0.3s load=14.96 tests/tseries/offsets/test_index.py
[1330/1421] idx=1333 completed     0.3s load=14.96 tests/tseries/offsets/test_offsets_properties.py
[1331/1421] idx=1331 completed     0.5s load=14.96 tests/tseries/offsets/test_month.py
[1332/1421] idx=1334 completed     0.4s load=14.96 tests/tseries/offsets/test_quarter.py
[1333/1421] idx=1338 completed     0.1s load=14.96 tests/tslibs/__init__.py
[1334/1421] idx=1300 completed     2.6s load=14.96 tests/tools/test_to_datetime.py
[1335/1421] idx=1337 completed     0.4s load=14.96 tests/tseries/offsets/test_year.py
[1336/1421] idx=1339 completed     0.3s load=14.96 tests/tslibs/test_api.py
[1337/1421] idx=1328 completed     0.9s load=14.96 tests/tseries/offsets/test_fiscal.py
[1338/1421] idx=1335 completed     0.6s load=14.96 tests/tseries/offsets/test_ticks.py
[1339/1421] idx=1336 completed     0.7s load=14.96 tests/tseries/offsets/test_week.py
[1340/1421] idx=1340 completed     0.4s load=14.96 tests/tslibs/test_array_to_datetime.py
[1341/1421] idx=1341 completed     0.3s load=14.96 tests/tslibs/test_ccalendar.py
[1342/1421] idx=1343 completed     0.3s load=14.96 tests/tslibs/test_fields.py
[1343/1421] idx=1344 completed     0.3s load=14.96 tests/tslibs/test_libfrequencies.py
[1344/1421] idx=1342 completed     0.4s load=14.96 tests/tslibs/test_conversion.py
[1345/1421] idx=1345 completed     0.3s load=14.96 tests/tslibs/test_liboffsets.py
[1346/1421] idx=1346 completed     0.3s load=14.96 tests/tslibs/test_np_datetime.py
[1347/1421] idx=1347 completed     0.3s load=14.96 tests/tslibs/test_npy_units.py
[1348/1421] idx=1348 completed     0.3s load=14.96 tests/tslibs/test_parse_iso8601.py
[1349/1421] idx=1350 completed     0.3s load=14.96 tests/tslibs/test_period.py
[1350/1421] idx=1351 completed     0.3s load=14.96 tests/tslibs/test_resolution.py
[1351/1421] idx=1349 completed     0.4s load=14.96 tests/tslibs/test_parsing.py
[1352/1421] idx=1352 completed     0.3s load=14.96 tests/tslibs/test_strptime.py
[1353/1421] idx=1357 completed     0.1s load=14.96 tests/util/__init__.py
[1354/1421] idx=1353 completed     0.4s load=14.96 tests/tslibs/test_timedeltas.py
[1355/1421] idx=1355 completed     0.3s load=14.96 tests/tslibs/test_to_offset.py
[1356/1421] idx=1356 completed     0.3s load=14.96 tests/tslibs/test_tzconversion.py
[1357/1421] idx=1354 completed     0.4s load=14.96 tests/tslibs/test_timezones.py
[1358/1421] idx=1358 completed     0.3s load=14.96 tests/util/conftest.py
[1359/1421] idx=1360 completed     0.3s load=14.96 tests/util/test_assert_attr_equal.py
[1360/1421] idx=1361 completed     0.3s load=14.96 tests/util/test_assert_categorical_equal.py
[1361/1421] idx=1359 completed     0.5s load=14.96 tests/util/test_assert_almost_equal.py
[1362/1421] idx=1362 completed     0.3s load=14.96 tests/util/test_assert_extension_array_equal.py
[1363/1421] idx=1365 completed     0.3s load=14.96 tests/util/test_assert_interval_array_equal.py
[1364/1421] idx=1363 completed     0.4s load=14.96 tests/util/test_assert_frame_equal.py
[1365/1421] idx=1364 completed     0.4s load=14.96 tests/util/test_assert_index_equal.py
[1366/1421] idx=1366 completed     0.3s load=14.96 tests/util/test_assert_numpy_array_equal.py
[1367/1421] idx=1367 completed     0.3s load=14.96 tests/util/test_assert_produces_warning.py
[1368/1421] idx=1369 completed     0.3s load=14.96 tests/util/test_deprecate.py
[1369/1421] idx=1332 completed     2.3s load=14.96 tests/tseries/offsets/test_offsets.py
[1370/1421] idx=1370 completed     0.3s load=14.96 tests/util/test_deprecate_kwarg.py
[1371/1421] idx=1371 completed     0.3s load=14.96 tests/util/test_deprecate_nonkeyword_arguments.py
[1372/1421] idx=1372 completed     0.3s load=14.96 tests/util/test_doc.py
[1373/1421] idx=1368 completed     0.5s load=14.96 tests/util/test_assert_series_equal.py
[1374/1421] idx=1374 completed     0.3s load=14.96 tests/util/test_numba.py
[1375/1421] idx=1375 completed     0.3s load=14.96 tests/util/test_rewrite_warning.py
[1376/1421] idx=1376 completed     0.3s load=14.96 tests/util/test_shares_memory.py
[1377/1421] idx=1373 completed     0.5s load=14.96 tests/util/test_hashing.py
[1378/1421] idx=1377 completed     0.3s load=14.96 tests/util/test_show_versions.py
[1379/1421] idx=1383 completed     0.1s load=14.96 tests/window/__init__.py
[1380/1421] idx=1378 completed     0.3s load=14.96 tests/util/test_util.py
[1381/1421] idx=1380 completed     0.3s load=14.96 tests/util/test_validate_args_and_kwargs.py
[1382/1421] idx=1379 completed     0.3s load=14.96 tests/util/test_validate_args.py
[1383/1421] idx=1385 completed     0.1s load=14.96 tests/window/moments/__init__.py
[1384/1421] idx=1381 completed     0.3s load=14.96 tests/util/test_validate_inclusive.py
[1385/1421] idx=1382 completed     0.3s load=14.96 tests/util/test_validate_kwargs.py
[1386/1421] idx=1384 completed     0.3s load=14.96 tests/window/conftest.py
[1387/1421] idx=1386 completed     0.3s load=14.96 tests/window/moments/conftest.py
[1388/1421] idx=1388 completed     0.4s load=14.96 tests/window/moments/test_moments_consistency_expanding.py
[1389/1421] idx=1387 completed     0.4s load=14.96 tests/window/moments/test_moments_consistency_ewm.py
[1390/1421] idx=1389 completed     0.4s load=14.96 tests/window/moments/test_moments_consistency_rolling.py
[1391/1421] idx=1390 completed     0.5s load=14.96 tests/window/test_api.py
[1392/1421] idx=1393 completed     0.4s load=14.96 tests/window/test_cython_aggregations.py
[1393/1421] idx=1391 completed     0.5s load=14.96 tests/window/test_apply.py
[1394/1421] idx=1394 completed     0.3s load=14.96 tests/window/test_dtypes.py
[1395/1421] idx=1392 completed     0.7s load=14.96 tests/window/test_base_indexer.py
[1396/1421] idx=1399 completed     0.4s load=15.04 tests/window/test_online.py
[1397/1421] idx=1395 completed     0.7s load=15.04 tests/window/test_ewm.py
[1398/1421] idx=1400 completed     0.6s load=15.04 tests/window/test_pairwise.py
[1399/1421] idx=1398 completed     0.8s load=15.04 tests/window/test_numba.py
[1400/1421] idx=1396 completed     0.9s load=15.04 tests/window/test_expanding.py
[1401/1421] idx=1402 completed     0.6s load=15.04 tests/window/test_rolling_functions.py
[1402/1421] idx=1403 completed     0.5s load=15.04 tests/window/test_rolling_quantile.py
[1403/1421] idx=1407 completed     0.1s load=15.04 tseries/__init__.py
[1404/1421] idx=1408 completed     0.1s load=15.04 tseries/api.py
[1405/1421] idx=1404 completed     0.5s load=15.04 tests/window/test_rolling_skew_kurt.py
[1406/1421] idx=1397 completed     1.2s load=15.04 tests/window/test_groupby.py
[1407/1421] idx=1411 completed     0.1s load=15.04 tseries/offsets.py
[1408/1421] idx=1406 completed     0.5s load=15.04 tests/window/test_win_type.py
[1409/1421] idx=1412 completed     0.3s load=15.04 util/__init__.py
[1410/1421] idx=1405 completed     0.8s load=15.04 tests/window/test_timeseries_window.py
[1411/1421] idx=1409 completed     0.6s load=15.04 tseries/frequencies.py
[1412/1421] idx=1401 completed     1.5s load=15.04 tests/window/test_rolling.py
[1413/1421] idx=1414 completed     0.5s load=15.04 util/_doctools.py
[1414/1421] idx=1410 completed     0.7s load=15.04 tseries/holiday.py
[1415/1421] idx=1415 completed     0.4s load=15.04 util/_exceptions.py
[1416/1421] idx=1416 completed     0.4s load=15.04 util/_print_versions.py
[1417/1421] idx=1417 completed     0.3s load=15.04 util/_test_decorators.py
[1418/1421] idx=1413 completed     0.7s load=15.04 util/_decorators.py
[1419/1421] idx=1418 completed     0.3s load=15.04 util/_tester.py
[1420/1421] idx=1420 completed     0.4s load=15.04 util/version/__init__.py
[1421/1421] idx=1419 completed     0.4s load=15.04 util/_validators.py
=== SUMMARY === wrote=1421 durableTotal=1421
